INSERT INTO visit (visit_id, patient_id, visit_type_id, date_started, date_stopped, indication_concept_id, location_id, creator, date_created, changed_by, date_changed, voided, voided_by, date_voided, void_reason, uuid) VALUES (2, 129, 4, '2018-04-06 10:38:27', '2018-04-13 11:22:56', null, 2, 4, '2018-04-06 10:38:27', 4, '2018-04-13 11:22:56', 0, null, null, null, 'c97a5199-c260-4baf-8257-53999f95d25b');
INSERT INTO visit (visit_id, patient_id, visit_type_id, date_started, date_stopped, indication_concept_id, location_id, creator, date_created, changed_by, date_changed, voided, voided_by, date_voided, void_reason, uuid) VALUES (5, 133, 4, '2018-04-13 12:46:12', '2018-04-13 14:32:33', null, 2, 4, '2018-04-13 12:46:12', 4, '2018-04-13 14:32:33', 0, null, null, null, '962c2050-05ec-4ad0-a6fe-ac8ff77e208b');
INSERT INTO visit (visit_id, patient_id, visit_type_id, date_started, date_stopped, indication_concept_id, location_id, creator, date_created, changed_by, date_changed, voided, voided_by, date_voided, void_reason, uuid) VALUES (6, 133, 4, '2018-04-13 14:32:42', '2018-04-13 14:33:02', null, 2, 4, '2018-04-13 14:32:42', 2, '2018-04-14 17:13:06', 0, null, null, null, 'caa78f9d-e2d2-4b8a-bdc8-ccc604ebe6a5');
INSERT INTO visit (visit_id, patient_id, visit_type_id, date_started, date_stopped, indication_concept_id, location_id, creator, date_created, changed_by, date_changed, voided, voided_by, date_voided, void_reason, uuid) VALUES (8, 125, 4, '2018-04-20 11:20:08', null, null, 2, 4, '2018-04-20 11:20:08', null, null, 0, null, null, null, '21488bfa-2767-4d30-a8a7-90d400002b79');
INSERT INTO visit (visit_id, patient_id, visit_type_id, date_started, date_stopped, indication_concept_id, location_id, creator, date_created, changed_by, date_changed, voided, voided_by, date_voided, void_reason, uuid) VALUES (9, 133, 4, '2018-04-20 11:29:01', null, null, 2, 4, '2018-04-20 11:29:01', null, null, 0, null, null, null, 'b07c8ce9-6cb9-4ce8-a289-7d705732fa3c');
INSERT INTO visit (visit_id, patient_id, visit_type_id, date_started, date_stopped, indication_concept_id, location_id, creator, date_created, changed_by, date_changed, voided, voided_by, date_voided, void_reason, uuid) VALUES (10, 132, 4, '2018-04-20 14:06:41', null, null, 2, 4, '2018-04-20 14:06:41', null, null, 0, null, null, null, 'd5527849-e365-4a52-90ca-b31a5c63168c');

INSERT INTO encounter (encounter_id, encounter_type, patient_id, location_id, form_id, encounter_datetime, creator, date_created, voided, voided_by, date_voided, void_reason, changed_by, date_changed, visit_id, uuid) VALUES (2, 1, 129, 9, null, '2018-04-06 12:04:39', 4, '2018-04-06 12:04:39', 0, null, null, null, null, null, 2, '84103882-44fd-4065-b339-c5efbfb12e5f');
INSERT INTO encounter (encounter_id, encounter_type, patient_id, location_id, form_id, encounter_datetime, creator, date_created, voided, voided_by, date_voided, void_reason, changed_by, date_changed, visit_id, uuid) VALUES (8, 1, 133, 9, null, '2018-04-13 12:46:55', 4, '2018-04-13 12:46:55', 0, null, null, null, null, null, 5, '28a63483-f9fb-46ef-a2d9-7359d3fe7b66');
INSERT INTO encounter (encounter_id, encounter_type, patient_id, location_id, form_id, encounter_datetime, creator, date_created, voided, voided_by, date_voided, void_reason, changed_by, date_changed, visit_id, uuid) VALUES (10, 1, 133, 9, null, '2018-04-13 14:33:02', 4, '2018-04-13 14:33:02', 0, null, null, null, null, null, 6, '94af85ca-2d7f-48f4-a267-62037eca0b87');
INSERT INTO encounter (encounter_id, encounter_type, patient_id, location_id, form_id, encounter_datetime, creator, date_created, voided, voided_by, date_voided, void_reason, changed_by, date_changed, visit_id, uuid) VALUES (11, 1, 125, 9, null, '2018-04-20 11:20:40', 4, '2018-04-20 11:20:40', 0, null, null, null, null, null, 8, '178bd17b-05d0-41ea-bd1a-eeb5fc329a90');
INSERT INTO encounter (encounter_id, encounter_type, patient_id, location_id, form_id, encounter_datetime, creator, date_created, voided, voided_by, date_voided, void_reason, changed_by, date_changed, visit_id, uuid) VALUES (12, 1, 133, 9, null, '2018-04-20 12:08:04', 4, '2018-04-20 12:08:04', 0, null, null, null, null, null, 9, '35359394-51b2-4bcf-9672-348f1ddb249c');
INSERT INTO encounter (encounter_id, encounter_type, patient_id, location_id, form_id, encounter_datetime, creator, date_created, voided, voided_by, date_voided, void_reason, changed_by, date_changed, visit_id, uuid) VALUES (13, 1, 132, 9, null, '2018-04-20 14:07:00', 4, '2018-04-20 14:07:00', 0, null, null, null, null, null, 10, 'ac16e695-fbc6-46c5-a099-3b0a81331e1e');


INSERT INTO obs (obs_id, person_id, concept_id, encounter_id, order_id, obs_datetime, location_id, obs_group_id, accession_number, value_group_id, value_coded, value_coded_name_id, value_drug, value_datetime, value_numeric, value_modifier, value_text, value_complex, comments, creator, date_created, voided, voided_by, date_voided, void_reason, uuid, previous_version, form_namespace_and_path, status, interpretation) VALUES (130, 125, 13, 11, null, '2018-04-20 11:20:40', 9, null, null, null, null, null, null, null, null, null, null, null, '', 4, '2018-04-20 11:20:40', 0, null, null, null, '48114fe3-4464-41cf-9cc0-2a4ba2be0c1b', null, null, 'FINAL', null);
INSERT INTO obs (obs_id, person_id, concept_id, encounter_id, order_id, obs_datetime, location_id, obs_group_id, accession_number, value_group_id, value_coded, value_coded_name_id, value_drug, value_datetime, value_numeric, value_modifier, value_text, value_complex, comments, creator, date_created, voided, voided_by, date_voided, void_reason, uuid, previous_version, form_namespace_and_path, status, interpretation) VALUES (131, 125, 16, 11, null, '2018-04-20 11:20:40', 9, 130, null, null, 18, null, null, null, null, null, null, null, null, 4, '2018-04-20 11:20:40', 0, null, null, null, 'b3fbe995-40df-44fe-8318-a38be8e15cc9', null, null, 'FINAL', null);
INSERT INTO obs (obs_id, person_id, concept_id, encounter_id, order_id, obs_datetime, location_id, obs_group_id, accession_number, value_group_id, value_coded, value_coded_name_id, value_drug, value_datetime, value_numeric, value_modifier, value_text, value_complex, comments, creator, date_created, voided, voided_by, date_voided, void_reason, uuid, previous_version, form_namespace_and_path, status, interpretation) VALUES (132, 125, 15, 11, null, '2018-04-20 11:20:40', 9, 130, null, null, 644, null, null, null, null, null, null, null, null, 4, '2018-04-20 11:20:40', 0, null, null, null, '8294e237-acee-434b-afd7-b2496acf9973', null, null, 'FINAL', null);
INSERT INTO obs (obs_id, person_id, concept_id, encounter_id, order_id, obs_datetime, location_id, obs_group_id, accession_number, value_group_id, value_coded, value_coded_name_id, value_drug, value_datetime, value_numeric, value_modifier, value_text, value_complex, comments, creator, date_created, voided, voided_by, date_voided, void_reason, uuid, previous_version, form_namespace_and_path, status, interpretation) VALUES (133, 125, 19, 11, null, '2018-04-20 11:20:40', 9, 130, null, null, 21, null, null, null, null, null, null, null, null, 4, '2018-04-20 11:20:40', 0, null, null, null, 'e2893b94-4471-4fb7-ab7b-06a159b67a6a', null, null, 'FINAL', null);
INSERT INTO obs (obs_id, person_id, concept_id, encounter_id, order_id, obs_datetime, location_id, obs_group_id, accession_number, value_group_id, value_coded, value_coded_name_id, value_drug, value_datetime, value_numeric, value_modifier, value_text, value_complex, comments, creator, date_created, voided, voided_by, date_voided, void_reason, uuid, previous_version, form_namespace_and_path, status, interpretation) VALUES (134, 125, 50, 11, null, '2018-04-20 11:20:40', 9, 130, null, null, null, null, null, null, null, null, '48114fe3-4464-41cf-9cc0-2a4ba2be0c1b', null, null, 4, '2018-04-20 11:20:40', 0, null, null, null, 'c9577c28-f9a0-444c-a420-88f8ddeed18b', null, null, 'FINAL', null);
INSERT INTO obs (obs_id, person_id, concept_id, encounter_id, order_id, obs_datetime, location_id, obs_group_id, accession_number, value_group_id, value_coded, value_coded_name_id, value_drug, value_datetime, value_numeric, value_modifier, value_text, value_complex, comments, creator, date_created, voided, voided_by, date_voided, void_reason, uuid, previous_version, form_namespace_and_path, status, interpretation) VALUES (135, 125, 51, 11, null, '2018-04-20 11:20:40', 9, 130, null, null, 2, null, null, null, null, null, null, null, null, 4, '2018-04-20 11:20:40', 0, null, null, null, '53a31fa6-bff3-4819-962c-96a795e23632', null, null, 'FINAL', null);

INSERT INTO obs (obs_id, person_id, concept_id, encounter_id, order_id, obs_datetime, location_id, obs_group_id, accession_number, value_group_id, value_coded, value_coded_name_id, value_drug, value_datetime, value_numeric, value_modifier, value_text, value_complex, comments, creator, date_created, voided, voided_by, date_voided, void_reason, uuid, previous_version, form_namespace_and_path, status, interpretation) VALUES (143, 132, 13, 13, null, '2018-04-20 14:07:00', 9, null, null, null, null, null, null, null, null, null, null, null, '', 4, '2018-04-20 14:07:00', 0, null, null, null, '7b1010dc-0f7d-4574-a1c9-77f82d9c2953', null, null, 'FINAL', null);
INSERT INTO obs (obs_id, person_id, concept_id, encounter_id, order_id, obs_datetime, location_id, obs_group_id, accession_number, value_group_id, value_coded, value_coded_name_id, value_drug, value_datetime, value_numeric, value_modifier, value_text, value_complex, comments, creator, date_created, voided, voided_by, date_voided, void_reason, uuid, previous_version, form_namespace_and_path, status, interpretation) VALUES (144, 132, 19, 13, null, '2018-04-20 14:07:00', 9, 143, null, null, 20, null, null, null, null, null, null, null, null, 4, '2018-04-20 14:07:00', 0, null, null, null, '8aaaae26-a3d1-495f-9d2c-7057e00090f7', null, null, 'FINAL', null);
INSERT INTO obs (obs_id, person_id, concept_id, encounter_id, order_id, obs_datetime, location_id, obs_group_id, accession_number, value_group_id, value_coded, value_coded_name_id, value_drug, value_datetime, value_numeric, value_modifier, value_text, value_complex, comments, creator, date_created, voided, voided_by, date_voided, void_reason, uuid, previous_version, form_namespace_and_path, status, interpretation) VALUES (145, 132, 15, 13, null, '2018-04-20 14:07:00', 9, 143, null, null, 828, null, null, null, null, null, null, null, null, 4, '2018-04-20 14:07:00', 0, null, null, null, 'cc744ef8-baa2-45d8-8e22-84ccf1a7cb2b', null, null, 'FINAL', null);
INSERT INTO obs (obs_id, person_id, concept_id, encounter_id, order_id, obs_datetime, location_id, obs_group_id, accession_number, value_group_id, value_coded, value_coded_name_id, value_drug, value_datetime, value_numeric, value_modifier, value_text, value_complex, comments, creator, date_created, voided, voided_by, date_voided, void_reason, uuid, previous_version, form_namespace_and_path, status, interpretation) VALUES (146, 132, 16, 13, null, '2018-04-20 14:07:00', 9, 143, null, null, 17, null, null, null, null, null, null, null, null, 4, '2018-04-20 14:07:00', 0, null, null, null, 'ba94eef9-ddcb-44e0-a9ea-33005cfb6564', null, null, 'FINAL', null);
INSERT INTO obs (obs_id, person_id, concept_id, encounter_id, order_id, obs_datetime, location_id, obs_group_id, accession_number, value_group_id, value_coded, value_coded_name_id, value_drug, value_datetime, value_numeric, value_modifier, value_text, value_complex, comments, creator, date_created, voided, voided_by, date_voided, void_reason, uuid, previous_version, form_namespace_and_path, status, interpretation) VALUES (147, 132, 51, 13, null, '2018-04-20 14:07:00', 9, 143, null, null, 2, null, null, null, null, null, null, null, null, 4, '2018-04-20 14:07:00', 0, null, null, null, '6bcf5e0d-04e5-4474-a5a6-8efad6f41718', null, null, 'FINAL', null);
INSERT INTO obs (obs_id, person_id, concept_id, encounter_id, order_id, obs_datetime, location_id, obs_group_id, accession_number, value_group_id, value_coded, value_coded_name_id, value_drug, value_datetime, value_numeric, value_modifier, value_text, value_complex, comments, creator, date_created, voided, voided_by, date_voided, void_reason, uuid, previous_version, form_namespace_and_path, status, interpretation) VALUES (148, 132, 49, 13, null, '2018-04-20 14:07:00', 9, 143, null, null, 48, null, null, null, null, null, null, null, null, 4, '2018-04-20 14:07:00', 0, null, null, null, 'b5810677-8aab-4b95-88dc-c5442d1aa6b0', null, null, 'FINAL', null);
INSERT INTO obs (obs_id, person_id, concept_id, encounter_id, order_id, obs_datetime, location_id, obs_group_id, accession_number, value_group_id, value_coded, value_coded_name_id, value_drug, value_datetime, value_numeric, value_modifier, value_text, value_complex, comments, creator, date_created, voided, voided_by, date_voided, void_reason, uuid, previous_version, form_namespace_and_path, status, interpretation) VALUES (149, 132, 50, 13, null, '2018-04-20 14:07:00', 9, 143, null, null, null, null, null, null, null, null, '7b1010dc-0f7d-4574-a1c9-77f82d9c2953', null, null, 4, '2018-04-20 14:07:00', 0, null, null, null, 'fdbf4b1a-7ab2-41e2-a5c9-93ef32bca59e', null, null, 'FINAL', null);

INSERT INTO obs (obs_id, person_id, concept_id, encounter_id, order_id, obs_datetime, location_id, obs_group_id, accession_number, value_group_id, value_coded, value_coded_name_id, value_drug, value_datetime, value_numeric, value_modifier, value_text, value_complex, comments, creator, date_created, voided, voided_by, date_voided, void_reason, uuid, previous_version, form_namespace_and_path, status, interpretation) VALUES (90, 133, 13, 8, null, '2018-04-13 12:46:55', 9, null, null, null, null, null, null, null, null, null, null, null, '', 4, '2018-04-13 12:46:55', 1, 4, '2018-04-13 12:47:41', 'Replaced with a new one because it was changed', '8c73ad0e-33b4-47de-8b7a-ee3d6906a8f1', null, null, 'FINAL', null);
INSERT INTO obs (obs_id, person_id, concept_id, encounter_id, order_id, obs_datetime, location_id, obs_group_id, accession_number, value_group_id, value_coded, value_coded_name_id, value_drug, value_datetime, value_numeric, value_modifier, value_text, value_complex, comments, creator, date_created, voided, voided_by, date_voided, void_reason, uuid, previous_version, form_namespace_and_path, status, interpretation) VALUES (91, 133, 15, 8, null, '2018-04-13 12:46:55', 9, 90, null, null, 644, null, null, null, null, null, null, null, null, 4, '2018-04-13 12:46:55', 1, 4, '2018-04-13 12:47:41', 'Replaced with a new one because it was changed', 'e3866e19-91b8-4921-847d-9a45d2ae54e7', null, null, 'FINAL', null);
INSERT INTO obs (obs_id, person_id, concept_id, encounter_id, order_id, obs_datetime, location_id, obs_group_id, accession_number, value_group_id, value_coded, value_coded_name_id, value_drug, value_datetime, value_numeric, value_modifier, value_text, value_complex, comments, creator, date_created, voided, voided_by, date_voided, void_reason, uuid, previous_version, form_namespace_and_path, status, interpretation) VALUES (92, 133, 16, 8, null, '2018-04-13 12:46:55', 9, 90, null, null, 18, null, null, null, null, null, null, null, null, 4, '2018-04-13 12:46:55', 1, 4, '2018-04-13 12:47:41', 'Replaced with a new one because it was changed', '547dd076-fd51-4c21-8f5c-3ea278ae06b2', null, null, 'FINAL', null);
INSERT INTO obs (obs_id, person_id, concept_id, encounter_id, order_id, obs_datetime, location_id, obs_group_id, accession_number, value_group_id, value_coded, value_coded_name_id, value_drug, value_datetime, value_numeric, value_modifier, value_text, value_complex, comments, creator, date_created, voided, voided_by, date_voided, void_reason, uuid, previous_version, form_namespace_and_path, status, interpretation) VALUES (93, 133, 19, 8, null, '2018-04-13 12:46:55', 9, 90, null, null, 21, null, null, null, null, null, null, null, null, 4, '2018-04-13 12:46:55', 1, 4, '2018-04-13 12:47:41', 'DiagnosisMetadata modifying obs group', '315a6530-5c67-4aa2-a527-8787769ef39f', null, null, 'FINAL', null);
INSERT INTO obs (obs_id, person_id, concept_id, encounter_id, order_id, obs_datetime, location_id, obs_group_id, accession_number, value_group_id, value_coded, value_coded_name_id, value_drug, value_datetime, value_numeric, value_modifier, value_text, value_complex, comments, creator, date_created, voided, voided_by, date_voided, void_reason, uuid, previous_version, form_namespace_and_path, status, interpretation) VALUES (94, 133, 51, 8, null, '2018-04-13 12:46:55', 9, 90, null, null, 2, null, null, null, null, null, null, null, null, 4, '2018-04-13 12:46:55', 1, 4, '2018-04-13 12:47:41', 'Replaced with a new one because it was changed', 'afca31b8-413e-4d91-b89b-8df0dde66fd6', null, null, 'FINAL', null);
INSERT INTO obs (obs_id, person_id, concept_id, encounter_id, order_id, obs_datetime, location_id, obs_group_id, accession_number, value_group_id, value_coded, value_coded_name_id, value_drug, value_datetime, value_numeric, value_modifier, value_text, value_complex, comments, creator, date_created, voided, voided_by, date_voided, void_reason, uuid, previous_version, form_namespace_and_path, status, interpretation) VALUES (95, 133, 50, 8, null, '2018-04-13 12:46:55', 9, 90, null, null, null, null, null, null, null, null, '8c73ad0e-33b4-47de-8b7a-ee3d6906a8f1', null, null, 4, '2018-04-13 12:46:55', 1, 4, '2018-04-13 12:47:41', 'Replaced with a new one because it was changed', '3a87d570-e516-448e-b459-ed14b64c5e74', null, null, 'FINAL', null);
INSERT INTO obs (obs_id, person_id, concept_id, encounter_id, order_id, obs_datetime, location_id, obs_group_id, accession_number, value_group_id, value_coded, value_coded_name_id, value_drug, value_datetime, value_numeric, value_modifier, value_text, value_complex, comments, creator, date_created, voided, voided_by, date_voided, void_reason, uuid, previous_version, form_namespace_and_path, status, interpretation) VALUES (96, 133, 13, 8, null, '2018-04-13 12:46:55', 9, null, null, null, null, null, null, null, null, null, null, null, 'cha', 4, '2018-04-13 12:47:41', 0, null, null, null, '16a07ae8-9c9f-4737-a1fa-f96261a5783b', 90, null, 'AMENDED', null);
INSERT INTO obs (obs_id, person_id, concept_id, encounter_id, order_id, obs_datetime, location_id, obs_group_id, accession_number, value_group_id, value_coded, value_coded_name_id, value_drug, value_datetime, value_numeric, value_modifier, value_text, value_complex, comments, creator, date_created, voided, voided_by, date_voided, void_reason, uuid, previous_version, form_namespace_and_path, status, interpretation) VALUES (97, 133, 19, 8, null, '2018-04-13 12:46:55', 9, 96, null, null, 20, null, null, null, null, null, null, null, null, 4, '2018-04-13 12:47:41', 0, null, null, null, 'c82af2e4-a9d7-4e4e-ad03-adcf59124246', null, null, 'FINAL', null);
INSERT INTO obs (obs_id, person_id, concept_id, encounter_id, order_id, obs_datetime, location_id, obs_group_id, accession_number, value_group_id, value_coded, value_coded_name_id, value_drug, value_datetime, value_numeric, value_modifier, value_text, value_complex, comments, creator, date_created, voided, voided_by, date_voided, void_reason, uuid, previous_version, form_namespace_and_path, status, interpretation) VALUES (98, 133, 15, 8, null, '2018-04-13 12:46:55', 9, 96, null, null, 644, null, null, null, null, null, null, null, null, 4, '2018-04-13 12:46:55', 0, null, null, null, '9ff1a57a-a003-493b-89f9-efd52d6b4585', 91, null, 'FINAL', null);
INSERT INTO obs (obs_id, person_id, concept_id, encounter_id, order_id, obs_datetime, location_id, obs_group_id, accession_number, value_group_id, value_coded, value_coded_name_id, value_drug, value_datetime, value_numeric, value_modifier, value_text, value_complex, comments, creator, date_created, voided, voided_by, date_voided, void_reason, uuid, previous_version, form_namespace_and_path, status, interpretation) VALUES (99, 133, 50, 8, null, '2018-04-13 12:46:55', 9, 96, null, null, null, null, null, null, null, null, '8c73ad0e-33b4-47de-8b7a-ee3d6906a8f1', null, null, 4, '2018-04-13 12:46:55', 1, 4, '2018-04-13 12:47:42', 'Initial obs got voided', '4be13583-1914-436d-b5ef-61904ec22bcb', 95, null, 'FINAL', null);
INSERT INTO obs (obs_id, person_id, concept_id, encounter_id, order_id, obs_datetime, location_id, obs_group_id, accession_number, value_group_id, value_coded, value_coded_name_id, value_drug, value_datetime, value_numeric, value_modifier, value_text, value_complex, comments, creator, date_created, voided, voided_by, date_voided, void_reason, uuid, previous_version, form_namespace_and_path, status, interpretation) VALUES (100, 133, 16, 8, null, '2018-04-13 12:46:55', 9, 96, null, null, 18, null, null, null, null, null, null, null, null, 4, '2018-04-13 12:46:55', 1, 4, '2018-04-13 12:48:19', 'DiagnosisMetadata modifying obs group', 'a61af0fc-8f8b-4292-a98d-d1716c7645cd', 92, null, 'FINAL', null);
INSERT INTO obs (obs_id, person_id, concept_id, encounter_id, order_id, obs_datetime, location_id, obs_group_id, accession_number, value_group_id, value_coded, value_coded_name_id, value_drug, value_datetime, value_numeric, value_modifier, value_text, value_complex, comments, creator, date_created, voided, voided_by, date_voided, void_reason, uuid, previous_version, form_namespace_and_path, status, interpretation) VALUES (101, 133, 51, 8, null, '2018-04-13 12:46:55', 9, 96, null, null, 2, null, null, null, null, null, null, null, null, 4, '2018-04-13 12:46:55', 1, 4, '2018-04-13 14:33:02', 'Diagnosis is revised', 'fde8cf0e-566c-4c28-8613-5fdcfbb65f84', 94, null, 'FINAL', null);
INSERT INTO obs (obs_id, person_id, concept_id, encounter_id, order_id, obs_datetime, location_id, obs_group_id, accession_number, value_group_id, value_coded, value_coded_name_id, value_drug, value_datetime, value_numeric, value_modifier, value_text, value_complex, comments, creator, date_created, voided, voided_by, date_voided, void_reason, uuid, previous_version, form_namespace_and_path, status, interpretation) VALUES (102, 133, 19, 8, null, '2018-04-13 12:46:55', 9, 96, null, null, 21, null, null, null, null, null, null, null, null, 4, '2018-04-13 12:46:55', 1, 4, '2018-04-13 12:47:41', 'DiagnosisMetadata modifying obs group', '7d31829a-39bd-4388-acb8-fbef7ed9c5f0', 93, null, 'FINAL', null);
INSERT INTO obs (obs_id, person_id, concept_id, encounter_id, order_id, obs_datetime, location_id, obs_group_id, accession_number, value_group_id, value_coded, value_coded_name_id, value_drug, value_datetime, value_numeric, value_modifier, value_text, value_complex, comments, creator, date_created, voided, voided_by, date_voided, void_reason, uuid, previous_version, form_namespace_and_path, status, interpretation) VALUES (103, 133, 50, 8, null, '2018-04-13 12:46:55', 9, 96, null, null, null, null, null, null, null, null, '16a07ae8-9c9f-4737-a1fa-f96261a5783b', null, null, 4, '2018-04-13 12:47:42', 0, null, null, null, 'a1cf4301-2f88-45bb-859e-4fdd2fdcffdb', 99, null, 'AMENDED', null);
INSERT INTO obs (obs_id, person_id, concept_id, encounter_id, order_id, obs_datetime, location_id, obs_group_id, accession_number, value_group_id, value_coded, value_coded_name_id, value_drug, value_datetime, value_numeric, value_modifier, value_text, value_complex, comments, creator, date_created, voided, voided_by, date_voided, void_reason, uuid, previous_version, form_namespace_and_path, status, interpretation) VALUES (104, 133, 16, 8, null, '2018-04-13 12:46:55', 9, 96, null, null, 17, null, null, null, null, null, null, null, null, 4, '2018-04-13 12:48:19', 0, null, null, null, '0c810c3c-ce37-4d07-98f4-a6c9a0446727', null, null, 'FINAL', null);
INSERT INTO obs (obs_id, person_id, concept_id, encounter_id, order_id, obs_datetime, location_id, obs_group_id, accession_number, value_group_id, value_coded, value_coded_name_id, value_drug, value_datetime, value_numeric, value_modifier, value_text, value_complex, comments, creator, date_created, voided, voided_by, date_voided, void_reason, uuid, previous_version, form_namespace_and_path, status, interpretation) VALUES (123, 133, 13, 10, null, '2018-04-13 14:33:02', 9, null, null, null, null, null, null, null, null, null, null, null, 'cha', 4, '2018-04-13 14:33:02', 0, null, null, null, 'e1cfb790-9ccf-4f40-bc4e-1d60a659bb56', null, null, 'FINAL', null);
INSERT INTO obs (obs_id, person_id, concept_id, encounter_id, order_id, obs_datetime, location_id, obs_group_id, accession_number, value_group_id, value_coded, value_coded_name_id, value_drug, value_datetime, value_numeric, value_modifier, value_text, value_complex, comments, creator, date_created, voided, voided_by, date_voided, void_reason, uuid, previous_version, form_namespace_and_path, status, interpretation) VALUES (124, 133, 19, 10, null, '2018-04-13 14:33:02', 9, 123, null, null, 20, null, null, null, null, null, null, null, null, 4, '2018-04-13 14:33:02', 0, null, null, null, '4ae91f1d-f4e3-49fc-b906-acec37598ebe', null, null, 'FINAL', null);
INSERT INTO obs (obs_id, person_id, concept_id, encounter_id, order_id, obs_datetime, location_id, obs_group_id, accession_number, value_group_id, value_coded, value_coded_name_id, value_drug, value_datetime, value_numeric, value_modifier, value_text, value_complex, comments, creator, date_created, voided, voided_by, date_voided, void_reason, uuid, previous_version, form_namespace_and_path, status, interpretation) VALUES (125, 133, 15, 10, null, '2018-04-13 14:33:02', 9, 123, null, null, 644, null, null, null, null, null, null, null, null, 4, '2018-04-13 14:33:02', 0, null, null, null, '9c5df422-314c-4776-bb06-33ac97d4f391', null, null, 'FINAL', null);
INSERT INTO obs (obs_id, person_id, concept_id, encounter_id, order_id, obs_datetime, location_id, obs_group_id, accession_number, value_group_id, value_coded, value_coded_name_id, value_drug, value_datetime, value_numeric, value_modifier, value_text, value_complex, comments, creator, date_created, voided, voided_by, date_voided, void_reason, uuid, previous_version, form_namespace_and_path, status, interpretation) VALUES (126, 133, 16, 10, null, '2018-04-13 14:33:02', 9, 123, null, null, 18, null, null, null, null, null, null, null, null, 4, '2018-04-13 14:33:02', 0, null, null, null, '0fe54a96-ae3d-4696-afd6-c5f8efad8bc6', null, null, 'FINAL', null);
INSERT INTO obs (obs_id, person_id, concept_id, encounter_id, order_id, obs_datetime, location_id, obs_group_id, accession_number, value_group_id, value_coded, value_coded_name_id, value_drug, value_datetime, value_numeric, value_modifier, value_text, value_complex, comments, creator, date_created, voided, voided_by, date_voided, void_reason, uuid, previous_version, form_namespace_and_path, status, interpretation) VALUES (127, 133, 51, 8, null, '2018-04-13 12:46:55', 9, 96, null, null, 1, null, null, null, null, null, null, null, null, 4, '2018-04-13 14:33:02', 0, null, null, null, '68a71610-13d1-4833-9266-e1849c7d1b1c', 101, null, 'AMENDED', null);
INSERT INTO obs (obs_id, person_id, concept_id, encounter_id, order_id, obs_datetime, location_id, obs_group_id, accession_number, value_group_id, value_coded, value_coded_name_id, value_drug, value_datetime, value_numeric, value_modifier, value_text, value_complex, comments, creator, date_created, voided, voided_by, date_voided, void_reason, uuid, previous_version, form_namespace_and_path, status, interpretation) VALUES (128, 133, 50, 10, null, '2018-04-13 14:33:02', 9, 123, null, null, null, null, null, null, null, null, '16a07ae8-9c9f-4737-a1fa-f96261a5783b', null, null, 4, '2018-04-13 14:33:02', 0, null, null, null, 'aa3a7755-eb7f-46aa-8239-1983b25cfafb', null, null, 'FINAL', null);
INSERT INTO obs (obs_id, person_id, concept_id, encounter_id, order_id, obs_datetime, location_id, obs_group_id, accession_number, value_group_id, value_coded, value_coded_name_id, value_drug, value_datetime, value_numeric, value_modifier, value_text, value_complex, comments, creator, date_created, voided, voided_by, date_voided, void_reason, uuid, previous_version, form_namespace_and_path, status, interpretation) VALUES (129, 133, 51, 10, null, '2018-04-13 14:33:02', 9, 123, null, null, 2, null, null, null, null, null, null, null, null, 4, '2018-04-13 14:33:02', 1, 4, '2018-04-20 12:08:04', 'Diagnosis is revised', '3b6dea83-713a-4d45-8473-e9341a0d3353', null, null, 'FINAL', null);
INSERT INTO obs (obs_id, person_id, concept_id, encounter_id, order_id, obs_datetime, location_id, obs_group_id, accession_number, value_group_id, value_coded, value_coded_name_id, value_drug, value_datetime, value_numeric, value_modifier, value_text, value_complex, comments, creator, date_created, voided, voided_by, date_voided, void_reason, uuid, previous_version, form_namespace_and_path, status, interpretation) VALUES (136, 133, 13, 12, null, '2018-04-20 12:08:04', 9, null, null, null, null, null, null, null, null, null, null, null, 'cha', 4, '2018-04-20 12:08:04', 0, null, null, null, 'b0325089-d3c0-436d-a150-6444a9d28c1e', null, null, 'FINAL', null);
INSERT INTO obs (obs_id, person_id, concept_id, encounter_id, order_id, obs_datetime, location_id, obs_group_id, accession_number, value_group_id, value_coded, value_coded_name_id, value_drug, value_datetime, value_numeric, value_modifier, value_text, value_complex, comments, creator, date_created, voided, voided_by, date_voided, void_reason, uuid, previous_version, form_namespace_and_path, status, interpretation) VALUES (137, 133, 15, 12, null, '2018-04-20 12:08:04', 9, 136, null, null, 644, null, null, null, null, null, null, null, null, 4, '2018-04-20 12:08:04', 0, null, null, null, '7fe3071e-e043-45e4-9cdf-191dd50078ec', null, null, 'FINAL', null);
INSERT INTO obs (obs_id, person_id, concept_id, encounter_id, order_id, obs_datetime, location_id, obs_group_id, accession_number, value_group_id, value_coded, value_coded_name_id, value_drug, value_datetime, value_numeric, value_modifier, value_text, value_complex, comments, creator, date_created, voided, voided_by, date_voided, void_reason, uuid, previous_version, form_namespace_and_path, status, interpretation) VALUES (138, 133, 16, 12, null, '2018-04-20 12:08:04', 9, 136, null, null, 17, null, null, null, null, null, null, null, null, 4, '2018-04-20 12:08:04', 0, null, null, null, '461ad2d9-a736-4a31-a4f0-2b6d2d84274c', null, null, 'FINAL', null);
INSERT INTO obs (obs_id, person_id, concept_id, encounter_id, order_id, obs_datetime, location_id, obs_group_id, accession_number, value_group_id, value_coded, value_coded_name_id, value_drug, value_datetime, value_numeric, value_modifier, value_text, value_complex, comments, creator, date_created, voided, voided_by, date_voided, void_reason, uuid, previous_version, form_namespace_and_path, status, interpretation) VALUES (139, 133, 19, 12, null, '2018-04-20 12:08:04', 9, 136, null, null, 21, null, null, null, null, null, null, null, null, 4, '2018-04-20 12:08:04', 0, null, null, null, 'af4b3e47-bae7-472b-b570-93b426e657a5', null, null, 'FINAL', null);
INSERT INTO obs (obs_id, person_id, concept_id, encounter_id, order_id, obs_datetime, location_id, obs_group_id, accession_number, value_group_id, value_coded, value_coded_name_id, value_drug, value_datetime, value_numeric, value_modifier, value_text, value_complex, comments, creator, date_created, voided, voided_by, date_voided, void_reason, uuid, previous_version, form_namespace_and_path, status, interpretation) VALUES (140, 133, 51, 10, null, '2018-04-13 14:33:02', 9, 123, null, null, 1, null, null, null, null, null, null, null, null, 4, '2018-04-20 12:08:04', 0, null, null, null, '319354a9-b823-49e4-94df-1bc69028b510', 129, null, 'AMENDED', null);
INSERT INTO obs (obs_id, person_id, concept_id, encounter_id, order_id, obs_datetime, location_id, obs_group_id, accession_number, value_group_id, value_coded, value_coded_name_id, value_drug, value_datetime, value_numeric, value_modifier, value_text, value_complex, comments, creator, date_created, voided, voided_by, date_voided, void_reason, uuid, previous_version, form_namespace_and_path, status, interpretation) VALUES (141, 133, 50, 12, null, '2018-04-20 12:08:04', 9, 136, null, null, null, null, null, null, null, null, '16a07ae8-9c9f-4737-a1fa-f96261a5783b', null, null, 4, '2018-04-20 12:08:04', 0, null, null, null, '8ef02e3b-d1f8-429f-b282-c113007fe4e7', null, null, 'FINAL', null);
INSERT INTO obs (obs_id, person_id, concept_id, encounter_id, order_id, obs_datetime, location_id, obs_group_id, accession_number, value_group_id, value_coded, value_coded_name_id, value_drug, value_datetime, value_numeric, value_modifier, value_text, value_complex, comments, creator, date_created, voided, voided_by, date_voided, void_reason, uuid, previous_version, form_namespace_and_path, status, interpretation) VALUES (142, 133, 51, 12, null, '2018-04-20 12:08:04', 9, 136, null, null, 2, null, null, null, null, null, null, null, null, 4, '2018-04-20 12:08:04', 0, null, null, null, 'e184689d-2dec-448d-a3a9-a7f99d4defa9', null, null, 'FINAL', null);

INSERT INTO obs (obs_id, person_id, concept_id, encounter_id, order_id, obs_datetime, location_id, obs_group_id, accession_number, value_group_id, value_coded, value_coded_name_id, value_drug, value_datetime, value_numeric, value_modifier, value_text, value_complex, comments, creator, date_created, voided, voided_by, date_voided, void_reason, uuid, previous_version, form_namespace_and_path, status, interpretation) VALUES (13, 129, 13, 2, null, '2018-04-06 12:14:26', 9, null, null, null, null, null, null, null, null, null, null, null, '', 4, '2018-04-06 12:14:26', 0, null, null, null, '7e4a4370-c9b2-4cf2-8c29-84756cc67dd5', null, null, 'FINAL', null);
INSERT INTO obs (obs_id, person_id, concept_id, encounter_id, order_id, obs_datetime, location_id, obs_group_id, accession_number, value_group_id, value_coded, value_coded_name_id, value_drug, value_datetime, value_numeric, value_modifier, value_text, value_complex, comments, creator, date_created, voided, voided_by, date_voided, void_reason, uuid, previous_version, form_namespace_and_path, status, interpretation) VALUES (14, 129, 19, 2, null, '2018-04-06 12:04:39', 9, 13, null, null, 21, null, null, null, null, null, null, null, null, 4, '2018-04-06 12:14:26', 0, null, null, null, '6f0e3799-38ef-4e84-b0b3-c79c8f6dba1d', null, null, 'FINAL', null);
INSERT INTO obs (obs_id, person_id, concept_id, encounter_id, order_id, obs_datetime, location_id, obs_group_id, accession_number, value_group_id, value_coded, value_coded_name_id, value_drug, value_datetime, value_numeric, value_modifier, value_text, value_complex, comments, creator, date_created, voided, voided_by, date_voided, void_reason, uuid, previous_version, form_namespace_and_path, status, interpretation) VALUES (15, 129, 16, 2, null, '2018-04-06 12:04:39', 9, 13, null, null, 18, null, null, null, null, null, null, null, null, 4, '2018-04-06 12:14:26', 0, null, null, null, 'f1ce04e4-a7b1-49be-8d94-d2dc4364d392', null, null, 'FINAL', null);
INSERT INTO obs (obs_id, person_id, concept_id, encounter_id, order_id, obs_datetime, location_id, obs_group_id, accession_number, value_group_id, value_coded, value_coded_name_id, value_drug, value_datetime, value_numeric, value_modifier, value_text, value_complex, comments, creator, date_created, voided, voided_by, date_voided, void_reason, uuid, previous_version, form_namespace_and_path, status, interpretation) VALUES (16, 129, 14, 2, null, '2018-04-06 12:04:39', 9, 13, null, null, null, null, null, null, null, null, 'test diagnoses', null, null, 4, '2018-04-06 12:14:26', 0, null, null, null, 'd22da115-762b-472b-a858-1ebabacb9bf7', null, null, 'FINAL', null);
INSERT INTO obs (obs_id, person_id, concept_id, encounter_id, order_id, obs_datetime, location_id, obs_group_id, accession_number, value_group_id, value_coded, value_coded_name_id, value_drug, value_datetime, value_numeric, value_modifier, value_text, value_complex, comments, creator, date_created, voided, voided_by, date_voided, void_reason, uuid, previous_version, form_namespace_and_path, status, interpretation) VALUES (17, 129, 50, 2, null, '2018-04-06 12:14:26', 9, 13, null, null, null, null, null, null, null, null, '7e4a4370-c9b2-4cf2-8c29-84756cc67dd5', null, null, 4, '2018-04-06 12:14:26', 0, null, null, null, 'b337f2b4-07b4-4048-be62-381a91a1baf0', null, null, 'FINAL', null);
INSERT INTO obs (obs_id, person_id, concept_id, encounter_id, order_id, obs_datetime, location_id, obs_group_id, accession_number, value_group_id, value_coded, value_coded_name_id, value_drug, value_datetime, value_numeric, value_modifier, value_text, value_complex, comments, creator, date_created, voided, voided_by, date_voided, void_reason, uuid, previous_version, form_namespace_and_path, status, interpretation) VALUES (18, 129, 51, 2, null, '2018-04-06 12:14:26', 9, 13, null, null, 2, null, null, null, null, null, null, null, null, 4, '2018-04-06 12:14:26', 0, null, null, null, '3c4ab776-ac93-47cd-ad30-bb175eff1769', null, null, 'FINAL', null);