INSERT INTO encounter_type (encounter_type_id, name, description, creator, date_created, retired, retired_by, date_retired, retire_reason, uuid, edit_privilege, view_privilege, changed_by, date_changed) VALUES (1, 'Consultation', 'Consultation encounter', 1, '2016-03-07 00:00:00', 0, null, null, null, '7e10b3cb-e42f-11e5-8c3e-08002715d519', null, null, null, null);
INSERT INTO encounter_type (encounter_type_id, name, description, creator, date_created, retired, retired_by, date_retired, retire_reason, uuid, edit_privilege, view_privilege, changed_by, date_changed) VALUES (2, 'REG', 'Registration encounter', 1, '2016-03-07 00:00:00', 0, null, null, null, '7e12169a-e42f-11e5-8c3e-08002715d519', null, null, null, null);
INSERT INTO encounter_type (encounter_type_id, name, description, creator, date_created, retired, retired_by, date_retired, retire_reason, uuid, edit_privilege, view_privilege, changed_by, date_changed) VALUES (3, 'ADMISSION', 'ADMISSION encounter', 1, '2016-03-07 00:00:00', 0, null, null, null, '7e30c184-e42f-11e5-8c3e-08002715d519', null, null, null, null);
INSERT INTO encounter_type (encounter_type_id, name, description, creator, date_created, retired, retired_by, date_retired, retire_reason, uuid, edit_privilege, view_privilege, changed_by, date_changed) VALUES (4, 'DISCHARGE', 'DISCHARGE encounter', 1, '2016-03-07 00:00:00', 0, null, null, null, '7e3380a4-e42f-11e5-8c3e-08002715d519', null, null, null, null);
INSERT INTO encounter_type (encounter_type_id, name, description, creator, date_created, retired, retired_by, date_retired, retire_reason, uuid, edit_privilege, view_privilege, changed_by, date_changed) VALUES (5, 'TRANSFER', 'TRANSFER encounter', 1, '2016-03-07 00:00:00', 0, null, null, null, '7e375624-e42f-11e5-8c3e-08002715d519', null, null, null, null);
INSERT INTO encounter_type (encounter_type_id, name, description, creator, date_created, retired, retired_by, date_retired, retire_reason, uuid, edit_privilege, view_privilege, changed_by, date_changed) VALUES (6, 'RADIOLOGY', 'RADIOLOGY encounter', 1, '2016-03-07 00:00:00', 0, null, null, null, '7e4696f2-e42f-11e5-8c3e-08002715d519', null, null, null, null);
INSERT INTO encounter_type (encounter_type_id, name, description, creator, date_created, retired, retired_by, date_retired, retire_reason, uuid, edit_privilege, view_privilege, changed_by, date_changed) VALUES (7, 'INVESTIGATION', 'Investigation encounter', 1, '2016-03-07 00:00:00', 0, null, null, null, '7e4c0b07-e42f-11e5-8c3e-08002715d519', null, null, null, null);
INSERT INTO encounter_type (encounter_type_id, name, description, creator, date_created, retired, retired_by, date_retired, retire_reason, uuid, edit_privilege, view_privilege, changed_by, date_changed) VALUES (8, 'LAB_RESULT', 'Lab Result encounter', 1, '2016-03-07 00:00:00', 0, null, null, null, '7e515ad0-e42f-11e5-8c3e-08002715d519', null, null, null, null);
INSERT INTO encounter_type (encounter_type_id, name, description, creator, date_created, retired, retired_by, date_retired, retire_reason, uuid, edit_privilege, view_privilege, changed_by, date_changed) VALUES (9, 'Patient Document', 'Patient Document Encounter Type', 1, '2016-03-07 00:00:00', 0, null, null, null, '7e71dc7a-e42f-11e5-8c3e-08002715d519', null, null, null, null);
INSERT INTO encounter_type (encounter_type_id, name, description, creator, date_created, retired, retired_by, date_retired, retire_reason, uuid, edit_privilege, view_privilege, changed_by, date_changed) VALUES (10, 'VALIDATION NOTES', 'Validation Notes encounter', 1, '2016-03-07 00:00:00', 0, null, null, null, '7e79c35b-e42f-11e5-8c3e-08002715d519', null, null, null, null);
INSERT INTO encounter_type (encounter_type_id, name, description, creator, date_created, retired, retired_by, date_retired, retire_reason, uuid, edit_privilege, view_privilege, changed_by, date_changed) VALUES (11, 'Identification', 'Identification encounter', 8, '2016-08-29 08:45:55', 0, null, null, null, '7e10abc8-5881-4c7e-a482-ae219c0095e6', null, null, null, null);

INSERT INTO concept_class (concept_class_id, name, description, creator, date_created, retired, retired_by, date_retired, retire_reason, uuid, date_changed, changed_by) VALUES (1, 'Test', 'Acq. during patient encounter (vitals, labs, etc.)', 1, '2004-02-02 00:00:00', 0, null, null, null, '8d4907b2-c2cc-11de-8d13-0010c6dffd0f', null, null);
INSERT INTO concept_class (concept_class_id, name, description, creator, date_created, retired, retired_by, date_retired, retire_reason, uuid, date_changed, changed_by) VALUES (2, 'Procedure', 'Describes a clinical procedure', 1, '2004-03-02 00:00:00', 0, null, null, null, '8d490bf4-c2cc-11de-8d13-0010c6dffd0f', null, null);
INSERT INTO concept_class (concept_class_id, name, description, creator, date_created, retired, retired_by, date_retired, retire_reason, uuid, date_changed, changed_by) VALUES (3, 'Drug', 'Drug', 1, '2004-02-02 00:00:00', 0, null, null, null, '8d490dfc-c2cc-11de-8d13-0010c6dffd0f', null, null);
INSERT INTO concept_class (concept_class_id, name, description, creator, date_created, retired, retired_by, date_retired, retire_reason, uuid, date_changed, changed_by) VALUES (4, 'Diagnosis', 'Conclusion drawn through findings', 1, '2004-02-02 00:00:00', 0, null, null, null, '8d4918b0-c2cc-11de-8d13-0010c6dffd0f', null, null);
INSERT INTO concept_class (concept_class_id, name, description, creator, date_created, retired, retired_by, date_retired, retire_reason, uuid, date_changed, changed_by) VALUES (5, 'Finding', 'Practitioner observation/finding', 1, '2004-03-02 00:00:00', 0, null, null, null, '8d491a9a-c2cc-11de-8d13-0010c6dffd0f', null, null);
INSERT INTO concept_class (concept_class_id, name, description, creator, date_created, retired, retired_by, date_retired, retire_reason, uuid, date_changed, changed_by) VALUES (6, 'Anatomy', 'Anatomic sites / descriptors', 1, '2004-03-02 00:00:00', 0, null, null, null, '8d491c7a-c2cc-11de-8d13-0010c6dffd0f', null, null);
INSERT INTO concept_class (concept_class_id, name, description, creator, date_created, retired, retired_by, date_retired, retire_reason, uuid, date_changed, changed_by) VALUES (7, 'Question', 'Question (eg, patient history, SF36 items)', 1, '2004-03-02 00:00:00', 0, null, null, null, '8d491e50-c2cc-11de-8d13-0010c6dffd0f', null, null);
INSERT INTO concept_class (concept_class_id, name, description, creator, date_created, retired, retired_by, date_retired, retire_reason, uuid, date_changed, changed_by) VALUES (8, 'LabSet', 'Panels', 1, '2004-03-02 00:00:00', 0, null, null, null, '8d492026-c2cc-11de-8d13-0010c6dffd0f', null, null);
INSERT INTO concept_class (concept_class_id, name, description, creator, date_created, retired, retired_by, date_retired, retire_reason, uuid, date_changed, changed_by) VALUES (9, 'MedSet', 'Term to describe medication sets', 1, '2004-02-02 00:00:00', 0, null, null, null, '8d4923b4-c2cc-11de-8d13-0010c6dffd0f', null, null);
INSERT INTO concept_class (concept_class_id, name, description, creator, date_created, retired, retired_by, date_retired, retire_reason, uuid, date_changed, changed_by) VALUES (10, 'ConvSet', 'Term to describe convenience sets', 1, '2004-03-02 00:00:00', 0, null, null, null, '8d492594-c2cc-11de-8d13-0010c6dffd0f', null, null);
INSERT INTO concept_class (concept_class_id, name, description, creator, date_created, retired, retired_by, date_retired, retire_reason, uuid, date_changed, changed_by) VALUES (11, 'Misc', 'Terms which don''t fit other categories', 1, '2004-03-02 05:30:00', 0, null, null, null, '8d492774-c2cc-11de-8d13-0010c6dffd0f', null, null);

INSERT INTO concept_datatype (concept_datatype_id, name, hl7_abbreviation, description, creator, date_created, retired, retired_by, date_retired, retire_reason, uuid) VALUES (1, 'Numeric', 'NM', 'Numeric value, including integer or float (e.g., creatinine, weight)', 1, '2004-02-02 00:00:00', 0, null, null, null, '8d4a4488-c2cc-11de-8d13-0010c6dffd0f');
INSERT INTO concept_datatype (concept_datatype_id, name, hl7_abbreviation, description, creator, date_created, retired, retired_by, date_retired, retire_reason, uuid) VALUES (2, 'Coded', 'CWE', 'Value determined by term dictionary lookup (i.e., term identifier)', 1, '2004-02-02 00:00:00', 0, null, null, null, '8d4a48b6-c2cc-11de-8d13-0010c6dffd0f');
INSERT INTO concept_datatype (concept_datatype_id, name, hl7_abbreviation, description, creator, date_created, retired, retired_by, date_retired, retire_reason, uuid) VALUES (3, 'Text', 'ST', 'Free text', 1, '2004-02-02 00:00:00', 0, null, null, null, '8d4a4ab4-c2cc-11de-8d13-0010c6dffd0f');
INSERT INTO concept_datatype (concept_datatype_id, name, hl7_abbreviation, description, creator, date_created, retired, retired_by, date_retired, retire_reason, uuid) VALUES (4, 'N/A', 'ZZ', 'Not associated with a datatype (e.g., term answers, sets)', 1, '2004-02-02 00:00:00', 0, null, null, null, '8d4a4c94-c2cc-11de-8d13-0010c6dffd0f');
INSERT INTO concept_datatype (concept_datatype_id, name, hl7_abbreviation, description, creator, date_created, retired, retired_by, date_retired, retire_reason, uuid) VALUES (5, 'Document', 'RP', 'Pointer to a binary or text-based document (e.g., clinical document, RTF, XML, EKG, image, etc.) stored in complex_obs table', 1, '2004-04-15 00:00:00', 0, null, null, null, '8d4a4e74-c2cc-11de-8d13-0010c6dffd0f');
INSERT INTO concept_datatype (concept_datatype_id, name, hl7_abbreviation, description, creator, date_created, retired, retired_by, date_retired, retire_reason, uuid) VALUES (6, 'Date', 'DT', 'Absolute date', 1, '2004-07-22 00:00:00', 0, null, null, null, '8d4a505e-c2cc-11de-8d13-0010c6dffd0f');
INSERT INTO concept_datatype (concept_datatype_id, name, hl7_abbreviation, description, creator, date_created, retired, retired_by, date_retired, retire_reason, uuid) VALUES (7, 'Time', 'TM', 'Absolute time of day', 1, '2004-07-22 00:00:00', 0, null, null, null, '8d4a591e-c2cc-11de-8d13-0010c6dffd0f');
INSERT INTO concept_datatype (concept_datatype_id, name, hl7_abbreviation, description, creator, date_created, retired, retired_by, date_retired, retire_reason, uuid) VALUES (8, 'Datetime', 'TS', 'Absolute date and time', 1, '2004-07-22 00:00:00', 0, null, null, null, '8d4a5af4-c2cc-11de-8d13-0010c6dffd0f');
INSERT INTO concept_datatype (concept_datatype_id, name, hl7_abbreviation, description, creator, date_created, retired, retired_by, date_retired, retire_reason, uuid) VALUES (10, 'Boolean', 'BIT', 'Boolean value (yes/no, true/false)', 1, '2004-08-26 00:00:00', 0, null, null, null, '8d4a5cca-c2cc-11de-8d13-0010c6dffd0f');
INSERT INTO concept_datatype (concept_datatype_id, name, hl7_abbreviation, description, creator, date_created, retired, retired_by, date_retired, retire_reason, uuid) VALUES (11, 'Rule', 'ZZ', 'Value derived from other data', 1, '2006-09-11 00:00:00', 0, null, null, null, '8d4a5e96-c2cc-11de-8d13-0010c6dffd0f');
INSERT INTO concept_datatype (concept_datatype_id, name, hl7_abbreviation, description, creator, date_created, retired, retired_by, date_retired, retire_reason, uuid) VALUES (12, 'Structured Numeric', 'SN', 'Complex numeric values possible (ie, <5, 1-10, etc.)', 1, '2005-08-06 00:00:00', 0, null, null, null, '8d4a606c-c2cc-11de-8d13-0010c6dffd0f');
INSERT INTO concept_datatype (concept_datatype_id, name, hl7_abbreviation, description, creator, date_created, retired, retired_by, date_retired, retire_reason, uuid) VALUES (13, 'Complex', 'ED', 'Complex value.  Analogous to HL7 Embedded Datatype', 1, '2008-05-28 12:25:34', 0, null, null, null, '8d4a6242-c2cc-11de-8d13-0010c6dffd0f');


INSERT INTO concept (concept_id, retired, short_name, description, form_text, datatype_id, class_id, is_set, creator, date_created, version, changed_by, date_changed, retired_by, date_retired, retire_reason, uuid) VALUES (88, 0, null, null, null, 4, 10, 1, 1, '2016-03-07 12:10:34', null, 8, '2016-09-08 10:08:08', null, null, null, '7eb83ffc-e42f-11e5-8c3e-08002715d519');
INSERT INTO concept (concept_id, retired, short_name, description, form_text, datatype_id, class_id, is_set, creator, date_created, version, changed_by, date_changed, retired_by, date_retired, retire_reason, uuid) VALUES (251, 0, null, null, null, 2, 11, 0, 8, '2016-08-11 14:56:45', null, 8, '2016-10-03 06:50:38', null, null, null, '2b9d75f6-718a-4000-9ca0-bf62bab0596d');
INSERT INTO concept (concept_id, retired, short_name, description, form_text, datatype_id, class_id, is_set, creator, date_created, version, changed_by, date_changed, retired_by, date_retired, retire_reason, uuid) VALUES (397, 0, null, null, null, 4, 11, 1, 8, '2016-08-11 17:14:05', null, 8, '2016-09-08 10:31:56', null, null, null, '6fecaafc-88ea-4a81-81ae-8bf24f179545');
INSERT INTO concept (concept_id, retired, short_name, description, form_text, datatype_id, class_id, is_set, creator, date_created, version, changed_by, date_changed, retired_by, date_retired, retire_reason, uuid) VALUES (399, 0, null, null, null, 4, 1, 1, 8, '2016-08-11 17:45:22', null, 8, '2016-09-24 10:33:58', null, null, null, '51644ad0-b262-4bfd-8f98-3582922ed12d');
INSERT INTO concept (concept_id, retired, short_name, description, form_text, datatype_id, class_id, is_set, creator, date_created, version, changed_by, date_changed, retired_by, date_retired, retire_reason, uuid) VALUES (347, 0, null, null, null, 4, 11, 0, 8, '2016-08-11 15:29:03', null, 8, '2016-08-17 06:56:41', null, null, null, '33958c18-702d-4a44-a4bf-f22b6b563012');
INSERT INTO concept (concept_id, retired, short_name, description, form_text, datatype_id, class_id, is_set, creator, date_created, version, changed_by, date_changed, retired_by, date_retired, retire_reason, uuid) VALUES (348, 0, null, null, null, 4, 11, 0, 8, '2016-08-11 15:29:03', null, 8, '2016-08-17 06:56:41', null, null, null, 'fda37bc6-71ba-42e3-b5da-9f98acc7feda');
INSERT INTO concept (concept_id, retired, short_name, description, form_text, datatype_id, class_id, is_set, creator, date_created, version, changed_by, date_changed, retired_by, date_retired, retire_reason, uuid) VALUES (349, 0, null, null, null, 4, 11, 0, 8, '2016-08-11 15:29:03', null, 8, '2016-10-03 06:55:12', null, null, null, '26a1cec4-be01-4453-ba01-ec1e0d42e064');
INSERT INTO concept (concept_id, retired, short_name, description, form_text, datatype_id, class_id, is_set, creator, date_created, version, changed_by, date_changed, retired_by, date_retired, retire_reason, uuid) VALUES (406, 0, null, null, null, 4, 11, 1, 8, '2016-08-12 13:15:36', null, 8, '2018-03-20 07:59:18', null, null, null, '0c19a365-495e-42c7-a9a0-34d42b31f397');
INSERT INTO concept (concept_id, retired, short_name, description, form_text, datatype_id, class_id, is_set, creator, date_created, version, changed_by, date_changed, retired_by, date_retired, retire_reason, uuid) VALUES (758, 0, null, null, null, 1, 11, 0, 8, '2016-08-31 04:53:09', null, 8, '2016-09-29 11:47:11', null, null, null, '7a642540-3fb6-4fca-94e7-879cb93f34d3');
INSERT INTO concept (concept_id, retired, short_name, description, form_text, datatype_id, class_id, is_set, creator, date_created, version, changed_by, date_changed, retired_by, date_retired, retire_reason, uuid) VALUES (134, 0, null, null, null, 4, 11, 1, 1, '2016-03-07 12:10:38', null, 1, '2016-03-07 12:10:38', null, null, null, '80d144a0-e42f-11e5-8c3e-08002715d519');
INSERT INTO concept (concept_id, retired, short_name, description, form_text, datatype_id, class_id, is_set, creator, date_created, version, changed_by, date_changed, retired_by, date_retired, retire_reason, uuid) VALUES (135, 0, null, null, null, 4, 11, 0, 1, '2016-03-07 12:10:38', null, 1, '2016-03-07 12:10:38', null, null, null, '80144a0-e42f-11e5-8c3e-08002715d519');
INSERT INTO concept (concept_id, retired, short_name, description, form_text, datatype_id, class_id, is_set, creator, date_created, version, changed_by, date_changed, retired_by, date_retired, retire_reason, uuid) VALUES (136, 0, null, null, null, 4, 11, 0, 1, '2016-03-07 12:10:38', null, 1, '2016-03-07 12:10:38', null, null, null, '8d144a0-e42f-11e5-8c3e-08002715d519');
INSERT INTO concept (concept_id, retired, short_name, description, form_text, datatype_id, class_id, is_set, creator, date_created, version, changed_by, date_changed, retired_by, date_retired, retire_reason, uuid) VALUES (137, 0, null, null, null, 4, 11, 0, 1, '2016-03-07 12:10:38', null, 1, '2016-03-07 12:10:38', null, null, null, '0d144a0-e42f-11e5-8c3e-08002715d519');
INSERT INTO concept (concept_id, retired, short_name, description, form_text, datatype_id, class_id, is_set, creator, date_created, version, changed_by, date_changed, retired_by, date_retired, retire_reason, uuid) VALUES (13, 0, null, null, null, 4, 10, 1, 1, '2014-09-18 14:18:05', null, 1, '2014-09-18 14:18:05', null, null, null, '81c5840e-3f10-11e4-adec-0800271c1b75');
INSERT INTO concept (concept_id, retired, short_name, description, form_text, datatype_id, class_id, is_set, creator, date_created, version, changed_by, date_changed, retired_by, date_retired, retire_reason, uuid) VALUES (15, 0, null, null, null, 2, 7, 0, 1, '2014-09-18 14:18:05', null, 1, '2014-09-18 14:18:05', null, null, null, '81c7149b-3f10-11e4-adec-0800271c1b75');
INSERT INTO concept (concept_id, retired, short_name, description, form_text, datatype_id, class_id, is_set, creator, date_created, version, changed_by, date_changed, retired_by, date_retired, retire_reason, uuid) VALUES (16, 0, null, null, null, 2, 7, 0, 1, '2014-09-18 14:18:05', null, 1, '2014-09-18 14:18:05', null, null, null, '81c7d52c-3f10-11e4-adec-0800271c1b75');
INSERT INTO concept (concept_id, retired, short_name, description, form_text, datatype_id, class_id, is_set, creator, date_created, version, changed_by, date_changed, retired_by, date_retired, retire_reason, uuid) VALUES (19, 0, null, null, null, 2, 7, 0, 1, '2014-09-18 14:18:05', null, 1, '2014-09-18 14:18:05', null, null, null, '81c9da5f-3f10-11e4-adec-0800271c1b75');
INSERT INTO concept (concept_id, retired, short_name, description, form_text, datatype_id, class_id, is_set, creator, date_created, version, changed_by, date_changed, retired_by, date_retired, retire_reason, uuid) VALUES (49, 0, null, null, null, 2, 11, 0, 1, '2014-09-18 14:18:06', null, 4, '2018-04-20 13:59:12', null, null, null, '82389c0c-3f10-11e4-adec-0800271c1b75');
INSERT INTO concept (concept_id, retired, short_name, description, form_text, datatype_id, class_id, is_set, creator, date_created, version, changed_by, date_changed, retired_by, date_retired, retire_reason, uuid) VALUES (50, 0, null, null, null, 3, 11, 0, 1, '2014-09-18 14:18:06', null, 4, '2018-04-20 13:58:42', null, null, null, '82397881-3f10-11e4-adec-0800271c1b75');
INSERT INTO concept (concept_id, retired, short_name, description, form_text, datatype_id, class_id, is_set, creator, date_created, version, changed_by, date_changed, retired_by, date_retired, retire_reason, uuid) VALUES (51, 0, null, null, null, 10, 11, 0, 1, '2014-09-18 14:18:06', null, 4, '2018-04-20 13:58:59', null, null, null, '823a4d34-3f10-11e4-adec-0800271c1b75');
INSERT INTO concept (concept_id, retired, short_name, description, form_text, datatype_id, class_id, is_set, creator, date_created, version, changed_by, date_changed, retired_by, date_retired, retire_reason, uuid) VALUES (17, 0, null, null, null, 4, 11, 0, 1, '2014-09-18 14:18:05', null, 1, '2014-09-18 14:18:05', null, null, null, '81c88f93-3f10-11e4-adec-0800271c1b75');
INSERT INTO concept (concept_id, retired, short_name, description, form_text, datatype_id, class_id, is_set, creator, date_created, version, changed_by, date_changed, retired_by, date_retired, retire_reason, uuid) VALUES (18, 0, null, null, null, 4, 11, 0, 1, '2014-09-18 14:18:05', null, 1, '2014-09-18 14:18:05', null, null, null, '81c90d57-3f10-11e4-adec-0800271c1b75');
INSERT INTO concept (concept_id, retired, short_name, description, form_text, datatype_id, class_id, is_set, creator, date_created, version, changed_by, date_changed, retired_by, date_retired, retire_reason, uuid) VALUES (48, 0, null, null, null, 4, 11, 1, 1, '2014-09-18 14:18:06', null, 1, '2014-09-18 14:18:06', null, null, null, '823051c4-3f10-11e4-adec-0800271c1b75');
INSERT INTO concept (concept_id, retired, short_name, description, form_text, datatype_id, class_id, is_set, creator, date_created, version, changed_by, date_changed, retired_by, date_retired, retire_reason, uuid) VALUES (1, 0, '', '', null, 4, 11, 0, 1, '2014-09-18 14:17:15', null, null, null, null, null, null, '78763e68-104e-465d-8ce3-35f9edfb083d');
INSERT INTO concept (concept_id, retired, short_name, description, form_text, datatype_id, class_id, is_set, creator, date_created, version, changed_by, date_changed, retired_by, date_retired, retire_reason, uuid) VALUES (2, 0, '', '', null, 4, 11, 0, 1, '2014-09-18 14:17:15', null, null, null, null, null, null, 'f9f633a5-1544-4c44-9394-a7f746a12dff');
INSERT INTO concept (concept_id, retired, short_name, description, form_text, datatype_id, class_id, is_set, creator, date_created, version, changed_by, date_changed, retired_by, date_retired, retire_reason, uuid) VALUES (20, 0, null, null, null, 4, 11, 0, 1, '2014-09-18 14:18:05', null, 1, '2014-09-18 14:18:05', null, null, null, '81ca9451-3f10-11e4-adec-0800271c1b75');
INSERT INTO concept (concept_id, retired, short_name, description, form_text, datatype_id, class_id, is_set, creator, date_created, version, changed_by, date_changed, retired_by, date_retired, retire_reason, uuid) VALUES (21, 0, null, null, null, 4, 11, 0, 1, '2014-09-18 14:18:05', null, 1, '2014-09-18 14:18:05', null, null, null, '81cafebe-3f10-11e4-adec-0800271c1b75');
INSERT INTO concept (concept_id, retired, short_name, description, form_text, datatype_id, class_id, is_set, creator, date_created, version, changed_by, date_changed, retired_by, date_retired, retire_reason, uuid) VALUES (644, 0, null, null, null, 4, 4, 0, 1, '2014-10-07 16:57:24', null, 1, '2014-10-07 16:57:24', null, null, null, 'e92970af-4e14-11e4-8a57-0800271c1b75');
INSERT INTO concept (concept_id, retired, short_name, description, form_text, datatype_id, class_id, is_set, creator, date_created, version, changed_by, date_changed, retired_by, date_retired, retire_reason, uuid) VALUES (828, 0, null, null, null, 4, 4, 0, 1, '2014-10-07 16:57:37', null, 1, '2014-10-07 16:57:37', null, null, null, 'f0d261d5-4e14-11e4-8a57-0800271c1b75');
INSERT INTO concept (concept_id, retired, short_name, description, form_text, datatype_id, class_id, is_set, creator, date_created, version, changed_by, date_changed, retired_by, date_retired, retire_reason, uuid) VALUES (518, 0, null, null, null, 4, 4, 0, 1, '2014-10-07 16:57:14', null, 1, '2014-10-07 16:57:14', null, null, null, 'e3088891-4e14-11e4-8a57-0800271c1b75');
INSERT INTO concept (concept_id, retired, short_name, description, form_text, datatype_id, class_id, is_set, creator, date_created, version, changed_by, date_changed, retired_by, date_retired, retire_reason, uuid) VALUES (14, 0, null, null, null, 3, 7, 0, 1, '2014-09-18 14:18:05', null, 1, '2014-09-18 14:18:05', null, null, null, '81c66271-3f10-11e4-adec-0800271c1b75');
INSERT INTO concept (concept_id, retired, short_name, description, form_text, datatype_id, class_id, is_set, creator, date_created, version, changed_by, date_changed, retired_by, date_retired, retire_reason, uuid) VALUES (151, 0, null, null, null, 3, 7, 1, 1, '2014-09-18 14:18:05', null, 1, '2014-09-18 14:18:05', null, null, null, '81c66271-fdd-fd4-ft54-0800271c1b75');
INSERT INTO concept (concept_id, retired, short_name, description, form_text, datatype_id, class_id, is_set, creator, date_created, version, changed_by, date_changed, retired_by, date_retired, retire_reason, uuid) VALUES (161, 0, null, null, null, 3, 7, 1, 1, '2014-09-18 14:18:05', null, 1, '2014-09-18 14:18:05', null, null, null, '81c66271-45t-grr5-gd5yh-0800271c1b75');
INSERT INTO concept (concept_id, retired, short_name, description, form_text, datatype_id, class_id, is_set, creator, date_created, version, changed_by, date_changed, retired_by, date_retired, retire_reason, uuid) VALUES (171, 0, null, null, null, 3, 7, 1, 1, '2014-09-18 14:18:05', null, 1, '2014-09-18 14:18:05', null, null, null, '81c66271-34f-fg4e-4tt5-0800271c1b75');
INSERT INTO concept (concept_id, retired, short_name, description, form_text, datatype_id, class_id, is_set, creator, date_created, version, changed_by, date_changed, retired_by, date_retired, retire_reason, uuid) VALUES (181, 0, null, null, null, 3, 7, 0, 1, '2014-09-18 14:18:05', null, 1, '2014-09-18 14:18:05', null, null, null, '81c66271-34f-fg4e-4tt5-456fg57');
INSERT INTO concept (concept_id, retired, short_name, description, form_text, datatype_id, class_id, is_set, creator, date_created, version, changed_by, date_changed, retired_by, date_retired, retire_reason, uuid) VALUES (191, 0, null, null, null, 3, 7, 0, 1, '2014-09-18 14:18:05', null, 1, '2014-09-18 14:18:05', null, null, null, '81c66271-34f-fg4e-4tt5-hk798dg');
INSERT INTO concept (concept_id, retired, short_name, description, form_text, datatype_id, class_id, is_set, creator, date_created, version, changed_by, date_changed, retired_by, date_retired, retire_reason, uuid) VALUES (201, 0, null, null, null, 3, 7, 0, 1, '2014-09-18 14:18:05', null, 1, '2014-09-18 14:18:05', null, null, null, '81c66271-34f-fg4e-4tt5-9879hkj3');

INSERT INTO concept_set (concept_set_id, concept_id, concept_set, sort_weight, creator, date_created, uuid) VALUES (581, 251, 399, 4, 8, '2016-09-08 10:30:49', '87c464e2-817f-46eb-b4d3-0bf5d0f4fbce');
INSERT INTO concept_set (concept_set_id, concept_id, concept_set, sort_weight, creator, date_created, uuid) VALUES (98, 397, 88, 1, 8, '2016-08-11 17:20:38', 'c9a08c0c-8fad-4789-aed2-42a1b18d2d03');
INSERT INTO concept_set (concept_set_id, concept_id, concept_set, sort_weight, creator, date_created, uuid) VALUES (584, 399, 397, 0, 8, '2016-09-08 10:31:56', 'e17cadcc-10c1-4332-9554-cb3411c05655');
INSERT INTO concept_set (concept_set_id, concept_id, concept_set, sort_weight, creator, date_created, uuid) VALUES (560, 406, 88, 2, 8, '2016-08-31 04:32:40', '02a41a73-7f6c-465f-9555-452b72922563');
INSERT INTO concept_set (concept_set_id, concept_id, concept_set, sort_weight, creator, date_created, uuid) VALUES (607, 758, 399, 5, 8, '2016-09-24 10:33:58', '38d6af87-db6d-4774-a29e-9e24b0058ada');
INSERT INTO concept_set (concept_set_id, concept_id, concept_set, sort_weight, creator, date_created, uuid) VALUES (2042, 758, 406, 21, 8, '2018-03-20 07:59:18', '6f722846-bf82-413f-97d4-1aa4e682eef4');
INSERT INTO concept_set (concept_set_id, concept_id, concept_set, sort_weight, creator, date_created, uuid) VALUES (214, 135, 134, 1, 1, '2016-03-07 12:10:38', '80d1e093-e42f-11e5-8c3e-08002715d519');
INSERT INTO concept_set (concept_set_id, concept_id, concept_set, sort_weight, creator, date_created, uuid) VALUES (215, 136, 134, 2, 1, '2016-03-07 12:10:38', '80d2720e-e42f-11e5-8c3e-08002715d519');
INSERT INTO concept_set (concept_set_id, concept_id, concept_set, sort_weight, creator, date_created, uuid) VALUES (216, 137, 134, 3, 1, '2016-03-07 12:10:38', '80d305e9-e42f-11e5-8c3e-08002715d519');
INSERT INTO concept_set (concept_set_id, concept_id, concept_set, sort_weight, creator, date_created, uuid) VALUES (1, 14, 13, 1, 1, '2014-09-18 14:18:05', '81c6f356-3f10-11e4-adec-0800271c1b75');
INSERT INTO concept_set (concept_set_id, concept_id, concept_set, sort_weight, creator, date_created, uuid) VALUES (2, 15, 13, 1, 1, '2014-09-18 14:18:05', '81c7b2a7-3f10-11e4-adec-0800271c1b75');
INSERT INTO concept_set (concept_set_id, concept_id, concept_set, sort_weight, creator, date_created, uuid) VALUES (3, 16, 13, 1, 1, '2014-09-18 14:18:05', '81c85f62-3f10-11e4-adec-0800271c1b75');
INSERT INTO concept_set (concept_set_id, concept_id, concept_set, sort_weight, creator, date_created, uuid) VALUES (4, 19, 13, 1, 1, '2014-09-18 14:18:05', '81ca509d-3f10-11e4-adec-0800271c1b75');
INSERT INTO concept_set (concept_set_id, concept_id, concept_set, sort_weight, creator, date_created, uuid) VALUES (2966, 50, 13, 1, 1, '2015-10-08 15:16:23', '6f7682ba-6da1-11e5-b2eb-080027b662ec');
INSERT INTO concept_set (concept_set_id, concept_id, concept_set, sort_weight, creator, date_created, uuid) VALUES (2967, 51, 13, 1, 1, '2015-10-08 15:16:23', '6f76a98d-6da1-11e5-b2eb-080027b662ec');
INSERT INTO concept_set (concept_set_id, concept_id, concept_set, sort_weight, creator, date_created, uuid) VALUES (2968, 49, 13, 1, 1, '2015-10-08 15:16:23', '6f76d085-6da1-11e5-b2eb-080027b662ec');
INSERT INTO concept_set (concept_set_id, concept_id, concept_set, sort_weight, creator, date_created, uuid) VALUES (2969, 181, 151, 1, 1, '2015-10-08 15:16:23', '6f78uh7-6da1-11e5-b2eb-080027b662ec');
INSERT INTO concept_set (concept_set_id, concept_id, concept_set, sort_weight, creator, date_created, uuid) VALUES (2970, 191, 161, 1, 1, '2015-10-08 15:16:23', '6f76d085-6da1-11e5-b2eb-h7jt7b662ec');
INSERT INTO concept_set (concept_set_id, concept_id, concept_set, sort_weight, creator, date_created, uuid) VALUES (2971, 201, 171, 1, 1, '2015-10-08 15:16:23', '6f76d085-6da1-11e5-b2eb-8jd6b662ec');


INSERT INTO concept_name (concept_name_id, concept_id, name, locale, locale_preferred, creator, date_created, concept_name_type, voided, voided_by, date_voided, void_reason, uuid, date_changed, changed_by) VALUES (185, 88, 'All Observation templates', 'en', 0, 1, '2016-03-07 12:10:34', 'SHORT', 0, null, null, null, '7eb843b4-e42f-11e5-8c3e-08002715d519', null, null);
INSERT INTO concept_name (concept_name_id, concept_id, name, locale, locale_preferred, creator, date_created, concept_name_type, voided, voided_by, date_voided, void_reason, uuid, date_changed, changed_by) VALUES (186, 88, 'All Observation Templates', 'en', 1, 1, '2016-03-07 12:10:34', 'FULLY_SPECIFIED', 0, null, null, null, '7eb8465f-e42f-11e5-8c3e-08002715d519', null, null);
INSERT INTO concept_name (concept_name_id, concept_id, name, locale, locale_preferred, creator, date_created, concept_name_type, voided, voided_by, date_voided, void_reason, uuid, date_changed, changed_by) VALUES (1206, 251, 'Specialty', 'en', 0, 8, '2016-09-02 10:21:01', 'SHORT', 0, null, null, null, 'bff99586-81e6-4d19-aa8b-4272ff392301', null, null);
INSERT INTO concept_name (concept_name_id, concept_id, name, locale, locale_preferred, creator, date_created, concept_name_type, voided, voided_by, date_voided, void_reason, uuid, date_changed, changed_by) VALUES (1270, 251, 'FSTG, Specialty determined by MLO', 'en', 1, 8, '2016-09-09 05:58:53', 'FULLY_SPECIFIED', 0, null, null, null, 'c1b15efb-0a04-4c78-8a0a-1e5bd1062172', null, null);
INSERT INTO concept_name (concept_name_id, concept_id, name, locale, locale_preferred, creator, date_created, concept_name_type, voided, voided_by, date_voided, void_reason, uuid, date_changed, changed_by) VALUES (1168, 397, 'First Stage Validation', 'en', 1, 8, '2016-08-31 04:34:05', 'FULLY_SPECIFIED', 0, null, null, null, '3ede14e2-f25f-4463-8c95-252e64b0bc79', null, null);
INSERT INTO concept_name (concept_name_id, concept_id, name, locale, locale_preferred, creator, date_created, concept_name_type, voided, voided_by, date_voided, void_reason, uuid, date_changed, changed_by) VALUES (1169, 397, 'First Stage Validation', 'en', 0, 8, '2016-08-31 04:35:57', 'SHORT', 0, null, null, null, '36e433c4-9633-4823-8d72-625a51fb023a', null, null);
INSERT INTO concept_name (concept_name_id, concept_id, name, locale, locale_preferred, creator, date_created, concept_name_type, voided, voided_by, date_voided, void_reason, uuid, date_changed, changed_by) VALUES (657, 399, 'Medical Files', 'en', 0, 8, '2016-08-17 09:36:06', 'SHORT', 0, null, null, null, 'a67c5e5d-a5ac-4c4c-a06c-46026281a4ae', null, null);
INSERT INTO concept_name (concept_name_id, concept_id, name, locale, locale_preferred, creator, date_created, concept_name_type, voided, voided_by, date_voided, void_reason, uuid, date_changed, changed_by) VALUES (1267, 399, 'FSTG, Medical Files', 'en', 1, 8, '2016-09-09 05:58:04', 'FULLY_SPECIFIED', 0, null, null, null, 'fe734c82-5ea0-4368-b0c3-53b452066680', null, null);
INSERT INTO concept_name (concept_name_id, concept_id, name, locale, locale_preferred, creator, date_created, concept_name_type, voided, voided_by, date_voided, void_reason, uuid, date_changed, changed_by) VALUES (509, 347, 'Orthopedic', 'en', 1, 8, '2016-08-11 15:29:03', 'FULLY_SPECIFIED', 0, null, null, null, '785c2071-eca2-4528-ad7b-e985c6d0c493', null, null);
INSERT INTO concept_name (concept_name_id, concept_id, name, locale, locale_preferred, creator, date_created, concept_name_type, voided, voided_by, date_voided, void_reason, uuid, date_changed, changed_by) VALUES (510, 348, 'Plastic', 'en', 1, 8, '2016-08-11 15:29:03', 'FULLY_SPECIFIED', 0, null, null, null, '3dbca9df-7bed-4c47-b5d6-c3295412c20f', null, null);
INSERT INTO concept_name (concept_name_id, concept_id, name, locale, locale_preferred, creator, date_created, concept_name_type, voided, voided_by, date_voided, void_reason, uuid, date_changed, changed_by) VALUES (1429, 349, 'Maxillofacial', 'en', 0, 8, '2016-10-03 06:55:12', 'SHORT', 0, null, null, null, 'e9a27bf6-d1de-4727-b56d-27524e6b70e3', null, null);
INSERT INTO concept_name (concept_name_id, concept_id, name, locale, locale_preferred, creator, date_created, concept_name_type, voided, voided_by, date_voided, void_reason, uuid, date_changed, changed_by) VALUES (1430, 349, 'Maxillofacial', 'en', 1, 8, '2016-10-03 06:55:12', 'FULLY_SPECIFIED', 0, null, null, null, '55eef153-f1e2-4b76-ae03-7b0ffc2a9334', null, null);
INSERT INTO concept_name (concept_name_id, concept_id, name, locale, locale_preferred, creator, date_created, concept_name_type, voided, voided_by, date_voided, void_reason, uuid, date_changed, changed_by) VALUES (663, 406, 'Follow-up Validation', 'en', 0, 8, '2016-08-17 09:38:07', 'SHORT', 0, null, null, null, 'f63707a8-1ff9-4bed-95ac-540d91ab3402', null, null);
INSERT INTO concept_name (concept_name_id, concept_id, name, locale, locale_preferred, creator, date_created, concept_name_type, voided, voided_by, date_voided, void_reason, uuid, date_changed, changed_by) VALUES (1187, 406, 'Follow-up validation', 'en', 1, 8, '2016-08-31 04:49:41', 'FULLY_SPECIFIED', 0, null, null, null, '07e18717-8283-4106-9eda-90e81d941db9', null, null);
INSERT INTO concept_name (concept_name_id, concept_id, name, locale, locale_preferred, creator, date_created, concept_name_type, voided, voided_by, date_voided, void_reason, uuid, date_changed, changed_by) VALUES (1189, 758, 'Stage', 'en', 0, 8, '2016-08-31 04:53:09', 'SHORT', 0, null, null, null, 'cfe57562-64ed-410c-86f2-a9d338d8f751', null, null);
INSERT INTO concept_name (concept_name_id, concept_id, name, locale, locale_preferred, creator, date_created, concept_name_type, voided, voided_by, date_voided, void_reason, uuid, date_changed, changed_by) VALUES (1405, 758, 'Stage', 'en', 1, 8, '2016-09-29 11:47:11', 'FULLY_SPECIFIED', 0, null, null, null, '48687b79-b4c1-4a3f-a895-c1c6880e1ca6', null, null);
INSERT INTO concept_name (concept_name_id,concept_id, name, locale, locale_preferred, creator, date_created, concept_name_type, voided, voided_by, date_voided, void_reason, uuid, date_changed, changed_by) VALUES (214, 134, 'Bacteriology Concept Set', 'en', 1, 1, '2016-03-07 12:10:38', 'FULLY_SPECIFIED', 0, null, null, null, '80d14c70-e42f-11e5-8c3e-08002715d519', null, null);
INSERT INTO concept_name (concept_name_id,concept_id, name, locale, locale_preferred, creator, date_created, concept_name_type, voided, voided_by, date_voided, void_reason, uuid, date_changed, changed_by) VALUES (215, 135, 'Specimen Collection Date', 'en', 1, 1, '2016-03-07 12:10:38', 'FULLY_SPECIFIED', 0, null, null, null, '80d1c8de-e42f-11e5-8c3e-08002715d519', null, null);
INSERT INTO concept_name (concept_name_id,concept_id, name, locale, locale_preferred, creator, date_created, concept_name_type, voided, voided_by, date_voided, void_reason, uuid, date_changed, changed_by) VALUES (216, 136, 'Specimen Sample Source', 'en', 1, 1, '2016-03-07 12:10:38', 'FULLY_SPECIFIED', 0, null, null, null, '80d263b0-e42f-11e5-8c3e-08002715d519', null, null);
INSERT INTO concept_name (concept_name_id,concept_id, name, locale, locale_preferred, creator, date_created, concept_name_type, voided, voided_by, date_voided, void_reason, uuid, date_changed, changed_by) VALUES (217, 137, 'Specimen Id', 'en', 1, 1, '2016-03-07 12:10:38', 'FULLY_SPECIFIED', 0, null, null, null, '80d2eca5-e42f-11e5-8c3e-08002715d519', null, null);
INSERT INTO concept_name (concept_name_id, concept_id, name, locale, locale_preferred, creator, date_created, concept_name_type, voided, voided_by, date_voided, void_reason, uuid, date_changed, changed_by) VALUES (40, 13, 'Visit Diagnoses', 'en', 0, 1, '2014-09-18 14:18:05', 'SHORT', 0, null, null, null, '81c588d1-3f10-11e4-adec-0800271c1b75', null, null);
INSERT INTO concept_name (concept_name_id, concept_id, name, locale, locale_preferred, creator, date_created, concept_name_type, voided, voided_by, date_voided, void_reason, uuid, date_changed, changed_by) VALUES (41, 13, 'Visit Diagnoses', 'en', 1, 1, '2014-09-18 14:18:05', 'FULLY_SPECIFIED', 0, null, null, null, '81c58c07-3f10-11e4-adec-0800271c1b75', null, null);
INSERT INTO concept_name (concept_name_id, concept_id, name, locale, locale_preferred, creator, date_created, concept_name_type, voided, voided_by, date_voided, void_reason, uuid, date_changed, changed_by) VALUES (44, 15, 'Coded Diagnosis', 'en', 0, 1, '2014-09-18 14:18:05', 'SHORT', 0, null, null, null, '81c718be-3f10-11e4-adec-0800271c1b75', null, null);
INSERT INTO concept_name (concept_name_id, concept_id, name, locale, locale_preferred, creator, date_created, concept_name_type, voided, voided_by, date_voided, void_reason, uuid, date_changed, changed_by) VALUES (45, 15, 'Coded Diagnosis', 'en', 1, 1, '2014-09-18 14:18:05', 'FULLY_SPECIFIED', 0, null, null, null, '81c71cda-3f10-11e4-adec-0800271c1b75', null, null);
INSERT INTO concept_name (concept_name_id, concept_id, name, locale, locale_preferred, creator, date_created, concept_name_type, voided, voided_by, date_voided, void_reason, uuid, date_changed, changed_by) VALUES (46, 16, 'Diagnosis Certainty', 'en', 0, 1, '2014-09-18 14:18:05', 'SHORT', 0, null, null, null, '81c7d914-3f10-11e4-adec-0800271c1b75', null, null);
INSERT INTO concept_name (concept_name_id, concept_id, name, locale, locale_preferred, creator, date_created, concept_name_type, voided, voided_by, date_voided, void_reason, uuid, date_changed, changed_by) VALUES (47, 16, 'Diagnosis Certainty', 'en', 1, 1, '2014-09-18 14:18:05', 'FULLY_SPECIFIED', 0, null, null, null, '81c7dc41-3f10-11e4-adec-0800271c1b75', null, null);
INSERT INTO concept_name (concept_name_id, concept_id, name, locale, locale_preferred, creator, date_created, concept_name_type, voided, voided_by, date_voided, void_reason, uuid, date_changed, changed_by) VALUES (52, 19, 'Diagnosis order', 'en', 0, 1, '2014-09-18 14:18:05', 'SHORT', 0, null, null, null, '81c9de8d-3f10-11e4-adec-0800271c1b75', null, null);
INSERT INTO concept_name (concept_name_id, concept_id, name, locale, locale_preferred, creator, date_created, concept_name_type, voided, voided_by, date_voided, void_reason, uuid, date_changed, changed_by) VALUES (53, 19, 'Diagnosis order', 'en', 1, 1, '2014-09-18 14:18:05', 'FULLY_SPECIFIED', 0, null, null, null, '81c9e1bc-3f10-11e4-adec-0800271c1b75', null, null);
INSERT INTO concept_name (concept_name_id, concept_id, name, locale, locale_preferred, creator, date_created, concept_name_type, voided, voided_by, date_voided, void_reason, uuid, date_changed, changed_by) VALUES (107, 49, 'Bahmni Diagnosis Status', 'en', 0, 1, '2014-09-18 14:18:06', 'SHORT', 0, null, null, null, '8238a0a2-3f10-11e4-adec-0800271c1b75', null, null);
INSERT INTO concept_name (concept_name_id, concept_id, name, locale, locale_preferred, creator, date_created, concept_name_type, voided, voided_by, date_voided, void_reason, uuid, date_changed, changed_by) VALUES (108, 49, 'Bahmni Diagnosis Status', 'en', 1, 1, '2014-09-18 14:18:06', 'FULLY_SPECIFIED', 0, null, null, null, '8238a5db-3f10-11e4-adec-0800271c1b75', null, null);
INSERT INTO concept_name (concept_name_id, concept_id, name, locale, locale_preferred, creator, date_created, concept_name_type, voided, voided_by, date_voided, void_reason, uuid, date_changed, changed_by) VALUES (109, 50, 'Bahmni Initial Diagnosis', 'en', 0, 1, '2014-09-18 14:18:06', 'SHORT', 0, null, null, null, '82397bf6-3f10-11e4-adec-0800271c1b75', null, null);
INSERT INTO concept_name (concept_name_id, concept_id, name, locale, locale_preferred, creator, date_created, concept_name_type, voided, voided_by, date_voided, void_reason, uuid, date_changed, changed_by) VALUES (110, 50, 'Bahmni Initial Diagnosis', 'en', 1, 1, '2014-09-18 14:18:06', 'FULLY_SPECIFIED', 0, null, null, null, '82397ecd-3f10-11e4-adec-0800271c1b75', null, null);
INSERT INTO concept_name (concept_name_id, concept_id, name, locale, locale_preferred, creator, date_created, concept_name_type, voided, voided_by, date_voided, void_reason, uuid, date_changed, changed_by) VALUES (111, 51, 'Bahmni Diagnosis Revised', 'en', 0, 1, '2014-09-18 14:18:06', 'SHORT', 0, null, null, null, '823a52b2-3f10-11e4-adec-0800271c1b75', null, null);
INSERT INTO concept_name (concept_name_id, concept_id, name, locale, locale_preferred, creator, date_created, concept_name_type, voided, voided_by, date_voided, void_reason, uuid, date_changed, changed_by) VALUES (112, 51, 'Bahmni Diagnosis Revised', 'en', 1, 1, '2014-09-18 14:18:06', 'FULLY_SPECIFIED', 0, null, null, null, '823a55b0-3f10-11e4-adec-0800271c1b75', null, null);
INSERT INTO concept_name (concept_name_id, concept_id, name, locale, locale_preferred, creator, date_created, concept_name_type, voided, voided_by, date_voided, void_reason, uuid, date_changed, changed_by) VALUES (48, 17, 'Presumed', 'en', 0, 1, '2014-09-18 14:18:05', 'SHORT', 0, null, null, null, '81c89455-3f10-11e4-adec-0800271c1b75', null, null);
INSERT INTO concept_name (concept_name_id, concept_id, name, locale, locale_preferred, creator, date_created, concept_name_type, voided, voided_by, date_voided, void_reason, uuid, date_changed, changed_by) VALUES (49, 17, 'Presumed', 'en', 1, 1, '2014-09-18 14:18:05', 'FULLY_SPECIFIED', 0, null, null, null, '81c898a9-3f10-11e4-adec-0800271c1b75', null, null);
INSERT INTO concept_name (concept_name_id, concept_id, name, locale, locale_preferred, creator, date_created, concept_name_type, voided, voided_by, date_voided, void_reason, uuid, date_changed, changed_by) VALUES (50, 18, 'Confirmed', 'en', 0, 1, '2014-09-18 14:18:05', 'SHORT', 0, null, null, null, '81c91112-3f10-11e4-adec-0800271c1b75', null, null);
INSERT INTO concept_name (concept_name_id, concept_id, name, locale, locale_preferred, creator, date_created, concept_name_type, voided, voided_by, date_voided, void_reason, uuid, date_changed, changed_by) VALUES (51, 18, 'Confirmed', 'en', 1, 1, '2014-09-18 14:18:05', 'FULLY_SPECIFIED', 0, null, null, null, '81c91417-3f10-11e4-adec-0800271c1b75', null, null);
INSERT INTO concept_name (concept_name_id, concept_id, name, locale, locale_preferred, creator, date_created, concept_name_type, voided, voided_by, date_voided, void_reason, uuid, date_changed, changed_by) VALUES (105, 48, 'Ruled Out Diagnosis', 'en', 0, 1, '2014-09-18 14:18:06', 'SHORT', 0, null, null, null, '823056d0-3f10-11e4-adec-0800271c1b75', null, null);
INSERT INTO concept_name (concept_name_id, concept_id, name, locale, locale_preferred, creator, date_created, concept_name_type, voided, voided_by, date_voided, void_reason, uuid, date_changed, changed_by) VALUES (106, 48, 'Ruled Out Diagnosis', 'en', 1, 1, '2014-09-18 14:18:06', 'FULLY_SPECIFIED', 0, null, null, null, '82305a28-3f10-11e4-adec-0800271c1b75', null, null);
INSERT INTO concept_name (concept_name_id, concept_id, name, locale, locale_preferred, creator, date_created, concept_name_type, voided, voided_by, date_voided, void_reason, uuid, date_changed, changed_by) VALUES (7, 1, 'True', 'en', 1, 1, '2014-09-18 14:17:15', 'FULLY_SPECIFIED', 0, null, null, null, '9f8ee888-f74d-4291-adaa-addc610c3b39', null, null);
INSERT INTO concept_name (concept_name_id, concept_id, name, locale, locale_preferred, creator, date_created, concept_name_type, voided, voided_by, date_voided, void_reason, uuid, date_changed, changed_by) VALUES (17, 2, 'False', 'en', 1, 1, '2014-09-18 14:17:15', 'FULLY_SPECIFIED', 0, null, null, null, '4f56b876-7073-4508-aaaf-9a25e2b756df', null, null);
INSERT INTO concept_name (concept_name_id, concept_id, name, locale, locale_preferred, creator, date_created, concept_name_type, voided, voided_by, date_voided, void_reason, uuid, date_changed, changed_by) VALUES (54, 20, 'Secondary', 'en', 0, 1, '2014-09-18 14:18:05', 'SHORT', 0, null, null, null, '81ca983f-3f10-11e4-adec-0800271c1b75', null, null);
INSERT INTO concept_name (concept_name_id, concept_id, name, locale, locale_preferred, creator, date_created, concept_name_type, voided, voided_by, date_voided, void_reason, uuid, date_changed, changed_by) VALUES (55, 20, 'Secondary', 'en', 1, 1, '2014-09-18 14:18:05', 'FULLY_SPECIFIED', 0, null, null, null, '81ca9b4c-3f10-11e4-adec-0800271c1b75', null, null);
INSERT INTO concept_name (concept_name_id, concept_id, name, locale, locale_preferred, creator, date_created, concept_name_type, voided, voided_by, date_voided, void_reason, uuid, date_changed, changed_by) VALUES (56, 21, 'Primary', 'en', 0, 1, '2014-09-18 14:18:05', 'SHORT', 0, null, null, null, '81cb025b-3f10-11e4-adec-0800271c1b75', null, null);
INSERT INTO concept_name (concept_name_id, concept_id, name, locale, locale_preferred, creator, date_created, concept_name_type, voided, voided_by, date_voided, void_reason, uuid, date_changed, changed_by) VALUES (57, 21, 'Primary', 'en', 1, 1, '2014-09-18 14:18:05', 'FULLY_SPECIFIED', 0, null, null, null, '81cb054c-3f10-11e4-adec-0800271c1b75', null, null);
INSERT INTO concept_name (concept_name_id, concept_id, name, locale, locale_preferred, creator, date_created, concept_name_type, voided, voided_by, date_voided, void_reason, uuid, date_changed, changed_by) VALUES (986, 644, 'Dyspareunia', 'en', 0, 1, '2014-10-07 16:57:24', 'FULLY_SPECIFIED', 0, null, null, null, 'e9299db3-4e14-11e4-8a57-0800271c1b75', null, null);
INSERT INTO concept_name (concept_name_id, concept_id, name, locale, locale_preferred, creator, date_created, concept_name_type, voided, voided_by, date_voided, void_reason, uuid, date_changed, changed_by) VALUES (1170, 828, 'Parkinson', 'en', 0, 1, '2014-10-07 16:57:37', 'FULLY_SPECIFIED', 0, null, null, null, 'f0d29977-4e14-11e4-8a57-0800271c1b75', null, null);
INSERT INTO concept_name (concept_name_id, concept_id, name, locale, locale_preferred, creator, date_created, concept_name_type, voided, voided_by, date_voided, void_reason, uuid, date_changed, changed_by) VALUES (860, 518, 'Bell''s palsy', 'en', 0, 1, '2014-10-07 16:57:14', 'FULLY_SPECIFIED', 0, null, null, null, 'e308c097-4e14-11e4-8a57-0800271c1b75', null, null);
INSERT INTO concept_name (concept_name_id, concept_id, name, locale, locale_preferred, creator, date_created, concept_name_type, voided, voided_by, date_voided, void_reason, uuid, date_changed, changed_by) VALUES (42, 14, 'Non-coded Diagnosis', 'en', 0, 1, '2014-09-18 14:18:05', 'SHORT', 0, null, null, null, '81c666f2-3f10-11e4-adec-0800271c1b75', null, null);
INSERT INTO concept_name (concept_name_id, concept_id, name, locale, locale_preferred, creator, date_created, concept_name_type, voided, voided_by, date_voided, void_reason, uuid, date_changed, changed_by) VALUES (43, 14, 'Non-coded Diagnosis', 'en', 1, 1, '2014-09-18 14:18:05', 'FULLY_SPECIFIED', 0, null, null, null, '81c66a02-3f10-11e4-adec-0800271c1b75', null, null);
INSERT INTO concept_name (concept_name_id, concept_id, name, locale, locale_preferred, creator, date_created, concept_name_type, voided, voided_by, date_voided, void_reason, uuid, date_changed, changed_by) VALUES (441, 151, 'Fee Information', 'en', 1, 1, '2014-09-18 14:18:05', 'FULLY_SPECIFIED', 0, null, null, null, '6ggh4fbv-3f10-11e4-adec-0800271c1b75', null, null);
INSERT INTO concept_name (concept_name_id, concept_id, name, locale, locale_preferred, creator, date_created, concept_name_type, voided, voided_by, date_voided, void_reason, uuid, date_changed, changed_by) VALUES (451, 161, 'Nutritional Temp', 'en', 1, 1, '2014-09-18 14:18:05', 'FULLY_SPECIFIED', 0, null, null, null, '3dr5h56-3f10-11e4-adec-0800271c1b75', null, null);
INSERT INTO concept_name (concept_name_id, concept_id, name, locale, locale_preferred, creator, date_created, concept_name_type, voided, voided_by, date_voided, void_reason, uuid, date_changed, changed_by) VALUES (461, 171, 'Nutritional', 'en', 1, 1, '2014-09-18 14:18:05', 'FULLY_SPECIFIED', 0, null, null, null, 'g5y64r-3f10-11e4-adec-0800271c1b75', null, null);
INSERT INTO concept_name (concept_name_id, concept_id, name, locale, locale_preferred, creator, date_created, concept_name_type, voided, voided_by, date_voided, void_reason, uuid, date_changed, changed_by) VALUES (471, 181, 'Registration Fee', 'en', 1, 1, '2014-09-18 14:18:05', 'FULLY_SPECIFIED', 0, null, null, null, 'g5y64r-3f10-11e4-adec-d6g4j1c1b75', null, null);
INSERT INTO concept_name (concept_name_id, concept_id, name, locale, locale_preferred, creator, date_created, concept_name_type, voided, voided_by, date_voided, void_reason, uuid, date_changed, changed_by) VALUES (481, 191, 'Height', 'en', 1, 1, '2014-09-18 14:18:05', 'FULLY_SPECIFIED', 0, null, null, null, 'g5y64r-3f10-11e4-adec-9hg5f1b75', null, null);
INSERT INTO concept_name (concept_name_id, concept_id, name, locale, locale_preferred, creator, date_created, concept_name_type, voided, voided_by, date_voided, void_reason, uuid, date_changed, changed_by) VALUES (491, 201, 'Weight', 'en', 1, 1, '2014-09-18 14:18:05', 'FULLY_SPECIFIED', 0, null, null, null, 'g5y64r-3f10-11e4-adec-8hj6f1c1b75', null, null);

INSERT INTO person_attribute_type (name, description, format, foreign_key, searchable, creator, date_created, changed_by, date_changed, retired, retired_by, date_retired, retire_reason, edit_privilege, sort_weight, uuid) VALUES ('givenNameLocal', 'Name in Arabic', 'java.lang.String', null, 0, 1, '2016-03-07 17:40:34', 8, '2016-09-06 06:54:40', 0, null, null, null, null, 3, '7e6db4ea-e42f-11e5-8c3e-08002715d519');
INSERT INTO person_attribute_type (name, description, format, foreign_key, searchable, creator, date_created, changed_by, date_changed, retired, retired_by, date_retired, retire_reason, edit_privilege, sort_weight, uuid) VALUES ('familyNameLocal', 'Family Name in Arabic', 'java.lang.String', null, 0, 1, '2016-03-07 17:40:34', 8, '2016-09-06 06:54:56', 0, null, null, null, null, 3, '7e6f78a4-e42f-11e5-8c3e-08002715d519');
INSERT INTO person_attribute_type (name, description, format, foreign_key, searchable, creator, date_created, changed_by, date_changed, retired, retired_by, date_retired, retire_reason, edit_privilege, sort_weight, uuid) VALUES ('middleNameLocal', 'Middle Name in Arabic', 'java.lang.String', null, 0, 1, '2016-03-07 17:40:34', 1, '2016-07-27 14:37:30', 0, null, null, null, null, 3, '7e709f5b-e42f-11e5-8c3e-08002715d519');
INSERT INTO person_attribute_type (name, description, format, foreign_key, searchable, creator, date_created, changed_by, date_changed, retired, retired_by, date_retired, retire_reason, edit_privilege, sort_weight, uuid) VALUES ('viber', 'Viber', 'java.lang.String', null, 0, 1, '2016-07-18 18:09:41', 8, '2016-08-22 06:36:27', 0, null, null, null, null, 15, '5fa07944-a01b-4b0a-9685-dd872f5b7264');
INSERT INTO person_attribute_type (name, description, format, foreign_key, searchable, creator, date_created, changed_by, date_changed, retired, retired_by, date_retired, retire_reason, edit_privilege, sort_weight, uuid) VALUES ('phoneNumber2', 'Phone Number 2', 'java.lang.String', null, 0, 1, '2016-07-18 18:08:21', 8, '2016-08-22 07:39:24', 0, null, null, null, null, 11, 'e7e02f6a-dd82-4dcf-a377-b7740cf87daa');

INSERT INTO patient (patient_id, creator, date_created, changed_by, date_changed, voided, voided_by, date_voided, void_reason, allergy_status) VALUES (125, 22, '2016-11-09 15:49:46', NULL, NULL, 0, NULL, NULL, NULL, 'Unknown');
INSERT INTO patient (patient_id, creator, date_created, changed_by, date_changed, voided, voided_by, date_voided, void_reason, allergy_status) VALUES (124, 22, '2016-11-09 15:01:25', 22, '2017-04-03 10:17:34', 0, NULL, NULL, NULL, 'Test');
INSERT INTO patient (patient_id, creator, date_created, changed_by, date_changed, voided, voided_by, date_voided, void_reason, allergy_status) VALUES (126, 17, '2016-11-09 16:39:04', 22, '2017-03-05 10:40:36', 0, NULL, NULL, NULL, 'Unknown');
INSERT INTO patient (patient_id, creator, date_created, changed_by, date_changed, voided, voided_by, date_voided, void_reason) VALUES (127, 17, '2016-11-09 17:07:05', NULL, NULL, 0, NULL, NULL, NULL);
INSERT INTO patient (patient_id, creator, date_created, changed_by, date_changed, voided, voided_by, date_voided, void_reason, allergy_status) VALUES (128, 17, '2016-11-09 17:48:23', 21, '2016-11-14 11:05:32', 0, NULL, NULL, NULL, 'Unknown');
INSERT INTO patient (patient_id, creator, date_created, changed_by, date_changed, voided, voided_by, date_voided, void_reason, allergy_status) VALUES (129, 22, '2016-11-10 09:28:18', NULL, NULL, 0, NULL, NULL, NULL, 'Test 1');
INSERT INTO patient (patient_id, creator, date_created, changed_by, date_changed, voided, voided_by, date_voided, void_reason, allergy_status) VALUES (130, 22, '2016-11-10 10:28:40', NULL, NULL, 0, NULL, NULL, NULL, 'Unknown');
INSERT INTO patient (patient_id, creator, date_created, changed_by, date_changed, voided, voided_by, date_voided, void_reason, allergy_status) VALUES (131, 13, '2016-11-10 14:37:34', NULL, NULL, 0, NULL, NULL, NULL, 'Unknown');
INSERT INTO patient (patient_id, creator, date_created, changed_by, date_changed, voided, voided_by, date_voided, void_reason) VALUES (132, 13, '2016-11-10 15:32:32', NULL, NULL, 0, NULL, NULL, NULL);
INSERT INTO patient (patient_id, creator, date_created, changed_by, date_changed, voided, voided_by, date_voided, void_reason, allergy_status) VALUES (133, 22, '2016-11-10 15:46:22', 132, '2017-09-13 13:07:22', 0, NULL, NULL, NULL, 'Unknown');

INSERT INTO person (person_id, date_created, uuid) VALUES (124, '2016-11-09 17:07:05', '7e8f78a4-e42f-1185-8c3e-08002718d519');
INSERT INTO person (person_id, date_created, uuid) VALUES (125, '2016-11-09 07:07:05', '7e8878a4-e42f-1185-8c3e-08002718d519');
INSERT INTO person (person_id, date_created, uuid) VALUES (126, '2016-11-09 13:07:05', '7e8888a4-e42f-1185-8c3e-08002718d519');


-- Start of test data for BatchConfigurationIT.shouldCreateOrderLabSamplesTableByIgnoringVisitId()

--lab test
INSERT INTO concept_class (concept_class_id, name, description, creator, date_created, retired, retired_by, date_retired, retire_reason, uuid, date_changed, changed_by) VALUES (26, 'LabTest', 'Lab Tests', 1, '2004-03-02 00:00:00', 0, null, null, null, '33a6291c-8a92-11e4-977f-0800271c1b75', null, null);

--All orderables
INSERT INTO concept (concept_id, retired, short_name, description, form_text, datatype_id, class_id, is_set, creator, date_created, version, changed_by, date_changed, retired_by, date_retired, retire_reason, uuid) VALUES (1858, 0, null, null, null, 2, 10, 1, 8, '2015-05-19 11:18:40', null, 8, '2018-04-12 09:05:35', null, null, null, 'b3dac224-fdea-11e4-b248-005056820298');

--Lab samples
INSERT INTO concept (concept_id, retired, short_name, description, form_text, datatype_id, class_id, is_set, creator, date_created, version, changed_by, date_changed, retired_by, date_retired, retire_reason, uuid) VALUES (3, 0, null, null, null, 2, 11, 1, 8, '2015-05-19 11:18:40', null, 8, '2018-04-12 09:05:35', null, null, null, '8160a011-3f10-11e4-adec-0800271c1b75');
--Hematology
INSERT INTO concept (concept_id, retired, short_name, description, form_text, datatype_id, class_id, is_set, creator, date_created, version, changed_by, date_changed, retired_by, date_retired, retire_reason, uuid) VALUES (7098, 0, null, null, null, 2, 10, 1, 8, '2015-05-19 11:18:40', null, 8, '2018-04-12 09:05:35', null, null, null, 'ffec07b9-3873-44fe-a532-30aad69eb32c');
--FBC
INSERT INTO concept (concept_id, retired, short_name, description, form_text, datatype_id, class_id, is_set, creator, date_created, version, changed_by, date_changed, retired_by, date_retired, retire_reason, uuid) VALUES (7092, 0, null, null, null, 2, 8, 1, 8, '2015-05-19 11:18:40', null, 8, '2018-04-12 09:05:35', null, null, null, '48a51134-6cd3-4fb1-99b0-839a9c40bb4f');
--wbc
INSERT INTO concept (concept_id, retired, short_name, description, form_text, datatype_id, class_id, is_set, creator, date_created, version, changed_by, date_changed, retired_by, date_retired, retire_reason, uuid) VALUES (7004, 0, null, null, null, 2, 26, 0, 8, '2015-05-19 11:18:40', null, 8, '2018-04-12 09:05:35', null, null, null, 'cd092057-d3c7-4f14-bd5e-1ce4373e0299');
--rbc
INSERT INTO concept (concept_id, retired, short_name, description, form_text, datatype_id, class_id, is_set, creator, date_created, version, changed_by, date_changed, retired_by, date_retired, retire_reason, uuid) VALUES (7005, 0, null, null, null, 2, 26, 0, 8, '2015-05-19 11:18:40', null, 8, '2018-04-12 09:05:35', null, null, null, 'fcca165b-a40d-49f6-895e-f16d76026f4e');
--INR
INSERT INTO concept (concept_id, retired, short_name, description, form_text, datatype_id, class_id, is_set, creator, date_created, version, changed_by, date_changed, retired_by, date_retired, retire_reason, uuid) VALUES (7019, 0, null, null, null, 2, 26, 0, 8, '2015-05-19 11:18:40', null, 8, '2018-04-12 09:05:35', null, null, null, '75377d9b-1bad-4055-abb9-b6c1a34bf1b9');


INSERT INTO concept_set (concept_set_id, concept_id, concept_set, sort_weight, creator, date_created, uuid) VALUES (11992, 7092, 7098, 0, 1, '2016-03-07 12:10:38', '87d305e9-e42f-11e5-8c3e-08002715d519');
INSERT INTO concept_set (concept_set_id, concept_id, concept_set, sort_weight, creator, date_created, uuid) VALUES (11994, 7019, 7098, 1, 1, '2016-03-07 12:10:38', 'b2735fca-98dd-4277-9610-4e5ea1285ac8');
INSERT INTO concept_set (concept_set_id, concept_id, concept_set, sort_weight, creator, date_created, uuid) VALUES (11995, 7004, 7092, 2, 1, '2016-03-07 12:10:38', '13d8a1ad-bae0-4f1f-9818-606f7c9c555e');
INSERT INTO concept_set (concept_set_id, concept_id, concept_set, sort_weight, creator, date_created, uuid) VALUES (11996, 7005, 7092, 3, 1, '2016-03-07 12:10:38', '2ab7981d-0df6-4e5b-ae59-95ae36a6261c');
INSERT INTO concept_set (concept_set_id, concept_id, concept_set, sort_weight, creator, date_created, uuid) VALUES (11997, 7098, 3, 4, 1, '2016-03-07 12:10:38', '2ab7981d-0df6-4e5b-a5e9-95ae36a6261c');
INSERT INTO concept_set (concept_set_id, concept_id, concept_set, sort_weight, creator, date_created, uuid) VALUES (11998, 3, 1858, 5, 1, '2016-03-07 12:10:38', '2ab7981d-0df6-4eb5-a5e9-95ae36a6261c');


INSERT INTO concept_name (concept_name_id, concept_id, name, locale, locale_preferred, creator, date_created, concept_name_type, voided, voided_by, date_voided, void_reason, uuid, date_changed, changed_by) VALUES (10205, 7098, 'Hematology', 'en', 1, 8, '2018-02-12 14:30:50', 'FULLY_SPECIFIED', 0, null, null, null, 'ed7798fe-d7fe-4b26-8db1-1820ed92b8fe', '2018-02-12 14:30:50', 8);
INSERT INTO concept_name (concept_name_id, concept_id, name, locale, locale_preferred, creator, date_created, concept_name_type, voided, voided_by, date_voided, void_reason, uuid, date_changed, changed_by) VALUES (10143, 7092, 'FBC (Full Blood Count)', 'en', 1, 8, '2018-02-12 07:55:20', 'FULLY_SPECIFIED', 0, null, null, null, '1341270f-08df-4469-ab9d-c1810c2b9180', null, null);
INSERT INTO concept_name (concept_name_id, concept_id, name, locale, locale_preferred, creator, date_created, concept_name_type, voided, voided_by, date_voided, void_reason, uuid, date_changed, changed_by) VALUES (10144, 7004, 'WBC (FBC)', 'en', 1, 8, '2018-02-12 07:47:54', 'FULLY_SPECIFIED', 0, null, null, null, 'ffcd2095-0e5c-4772-9d1e-a8be15eab4a1', null, null);
INSERT INTO concept_name (concept_name_id, concept_id, name, locale, locale_preferred, creator, date_created, concept_name_type, voided, voided_by, date_voided, void_reason, uuid, date_changed, changed_by) VALUES (10155, 7005, 'RBC (FBC)', 'en', 1, 8, '2018-02-12 07:47:54', 'FULLY_SPECIFIED', 0, null, null, null, 'c2e22850-28f3-450d-a378-606ae94af79b', null, null);
INSERT INTO concept_name (concept_name_id, concept_id, name, locale, locale_preferred, creator, date_created, concept_name_type, voided, voided_by, date_voided, void_reason, uuid, date_changed, changed_by) VALUES (10166, 7019, 'INR (HCS)', 'en', 1, 8, '2018-02-12 07:47:55', 'FULLY_SPECIFIED', 0, null, null, null, '74a7d907-c6a1-43e8-a937-6d0acd8c806e', null, null);
INSERT INTO concept_name (concept_name_id, concept_id, name, locale, locale_preferred, creator, date_created, concept_name_type, voided, voided_by, date_voided, void_reason, uuid, date_changed, changed_by) VALUES (10167, 1858, 'All Orderables', 'en', 1, 8, '2018-02-12 07:47:55', 'FULLY_SPECIFIED', 0, null, null, null, '74a7d907-c6a1-43e8-a937-6d0acd8abc6e', null, null);
INSERT INTO concept_name (concept_name_id, concept_id, name, locale, locale_preferred, creator, date_created, concept_name_type, voided, voided_by, date_voided, void_reason, uuid, date_changed, changed_by) VALUES (10168, 3, 'Lab Samples', 'en', 1, 8, '2018-02-12 07:47:55', 'FULLY_SPECIFIED', 0, null, null, null, '74a7d907-ca61-4ae8-a937-6idacd8c806e', null, null);

--order type
INSERT INTO order_type (order_type_id, name, description, creator, date_created, retired, retired_by, date_retired, retire_reason, uuid, java_class_name, parent, changed_by, date_changed) VALUES (1, 'Lab Order', 'An order for laboratory tests', 8, '2014-09-18 14:18:05', 0, null, null, null, '8189b409-3f10-11e4-adec-0800271c1b75', 'org.openmrs.Order', null, null, null);

--order type class map
INSERT INTO  order_type_class_map (order_type_id, concept_class_id) VALUES (1, 8);
INSERT INTO  order_type_class_map (order_type_id, concept_class_id) VALUES (1, 26);

INSERT INTO encounter (encounter_id, encounter_type, patient_id, location_id, form_id, encounter_datetime, creator, date_created, voided, voided_by, date_voided, void_reason, changed_by, date_changed, visit_id, uuid) VALUES (100, 1, 125, 9, null, '2016-11-14 15:41:54', 13, '2016-11-14 15:41:54', 0, null, null, null, null, null, 39, '80a486e7-0a15-46fc-9b2a-7b7be26d281f');

--visit type
INSERT INTO visit_type (visit_type_id, name, description, creator, date_created, changed_by, date_changed, retired, retired_by, date_retired, retire_reason, uuid) VALUES (4, 'Clinic', 'Visit for patients coming for OPD', 8, '2014-09-18 14:19:53', 8, '2017-07-09 20:40:06', 0, null, null, null, 'c22a5000-3f10-11e4-adec-0800271c1b75');

--visit
INSERT INTO visit (visit_id, patient_id, visit_type_id, date_started, date_stopped, indication_concept_id, location_id, creator, date_created, changed_by, date_changed, voided, voided_by, date_voided, void_reason, uuid) VALUES (1, 125, 4, '2018-02-12 17:22:16', '2018-02-12 17:23:56', null, 15, 8, '2018-02-12 17:22:16', 8, '2018-02-13 05:23:59', 0, null, NULL, null, '24fb9597-c300-4c40-b41e-7c07c5e1ef23');

--orders
INSERT INTO orders (order_id, order_type_id, concept_id, orderer, encounter_id, instructions, date_activated, auto_expire_date, date_stopped, order_reason, order_reason_non_coded, creator, date_created, voided, voided_by, date_voided, void_reason, patient_id, accession_number, uuid, urgency, order_number, previous_order_id, order_action, comment_to_fulfiller, care_setting, scheduled_date, order_group_id, sort_weight) values (1, 1, 7092, 8, 100, null, '2018-04-11 06:54:41', '2018-04-11 07:54:41', null, null, null, 8, '2018-04-11 06:54:41', 0, null, null, null, 125, null, '01fa3dae-d5ce-4c82-925b-e31b40afe4e1', 'ROUTINE', 'ORD-784', null, 'NEW', null, 1, null, null, null);
INSERT INTO orders (order_id, order_type_id, concept_id, orderer, encounter_id, instructions, date_activated, auto_expire_date, date_stopped, order_reason, order_reason_non_coded, creator, date_created, voided, voided_by, date_voided, void_reason, patient_id, accession_number, uuid, urgency, order_number, previous_order_id, order_action, comment_to_fulfiller, care_setting, scheduled_date, order_group_id, sort_weight) values (2, 1, 7019, 8, 100, null, '2018-04-11 06:54:41', '2018-04-11 07:54:41', null, null, null, 8, '2018-04-11 06:54:41', 0, null, null, null, 125, null, 'b35e7090-af5d-481f-9ae4-c89dfbbfee3c', 'ROUTINE', 'ORD-785', null, 'NEW', null, 1, null, null, null);

-- End of test data for BatchConfigurationIT.shouldCreateOrderLabSamplesTableByIgnoringVisitId()

INSERT INTO encounter (encounter_id, encounter_type, patient_id, location_id, form_id, encounter_datetime, creator, date_created, voided, voided_by, date_voided, void_reason, changed_by, date_changed, visit_id, uuid) VALUES (43206, 1, 2067, 10, null, '2018-03-20 19:37:52', 8, '2018-03-20 19:37:52', 0, null, null, null, null, null, 4669, 'cf8f5766-c880-4af5-a94b-0d109ba33585');

INSERT INTO obs (obs_id, person_id, concept_id, encounter_id, order_id, obs_datetime, location_id, obs_group_id, accession_number, value_group_id, value_coded, value_coded_name_id, value_drug, value_datetime, value_numeric, value_modifier, value_text, value_complex, comments, creator, date_created, voided, voided_by, date_voided, void_reason, uuid, previous_version, form_namespace_and_path, status, interpretation) VALUES (82478, 1840, 151, 43206, null, '2018-01-08 00:01:00', 31, null , null, null, null, null, null, null, null, null, null, null, null, 1, '2018-01-14 12:21:38', 0, null, null, null, '76a47e91-9d60-4553-adfa-422715c781a7', null, null, 'FINAL', null);
INSERT INTO obs (obs_id, person_id, concept_id, encounter_id, order_id, obs_datetime, location_id, obs_group_id, accession_number, value_group_id, value_coded, value_coded_name_id, value_drug, value_datetime, value_numeric, value_modifier, value_text, value_complex, comments, creator, date_created, voided, voided_by, date_voided, void_reason, uuid, previous_version, form_namespace_and_path, status, interpretation) VALUES (82479, 1840, 181, 43206, null, '2018-01-08 00:00:00', 31, 82478, null, null, null, null, null, null, null, null, '10', null, null, 1, '2018-01-14 12:21:38', 0, null, null, null, '76a47e91-9d60-4553-adfa-422715c781a7', null, null, 'FINAL', null);
INSERT INTO obs (obs_id, person_id, concept_id, encounter_id, order_id, obs_datetime, location_id, obs_group_id, accession_number, value_group_id, value_coded, value_coded_name_id, value_drug, value_datetime, value_numeric, value_modifier, value_text, value_complex, comments, creator, date_created, voided, voided_by, date_voided, void_reason, uuid, previous_version, form_namespace_and_path, status, interpretation) VALUES (82480, 1840, 161, 43206, null, '2018-01-08 00:00:00', 31, null, null, null, null, null, null, null, null, null, null, null, null, 1, '2018-02-20 12:21:38', 0, null, null, null, '76a47e91-9d60-4553-adfa-422715c781a7', null, null, 'FINAL', null);
INSERT INTO obs (obs_id, person_id, concept_id, encounter_id, order_id, obs_datetime, location_id, obs_group_id, accession_number, value_group_id, value_coded, value_coded_name_id, value_drug, value_datetime, value_numeric, value_modifier, value_text, value_complex, comments, creator, date_created, voided, voided_by, date_voided, void_reason, uuid, previous_version, form_namespace_and_path, status, interpretation) VALUES (82481, 1840, 191, 43206, null, '2018-01-08 00:00:00', 31, 82480, null, null, null, null, null, null, null, null, '58', null, null, 1, '2018-01-14 12:21:38', 0, null, null, null, '76a47e91-9d60-4553-adfa-422715c781a7', null, null, 'FINAL', null);
INSERT INTO obs (obs_id, person_id, concept_id, encounter_id, order_id, obs_datetime, location_id, obs_group_id, accession_number, value_group_id, value_coded, value_coded_name_id, value_drug, value_datetime, value_numeric, value_modifier, value_text, value_complex, comments, creator, date_created, voided, voided_by, date_voided, void_reason, uuid, previous_version, form_namespace_and_path, status, interpretation) VALUES (82482, 1840, 171, 43206, null, '2018-01-08 00:00:00', 31, null, null, null, null, null, null, null, null, null, null, null, null, 1, '2018-01-14 12:21:38', 0, null, null, null, '76a47e91-9d60-4553-adfa-422715c781a7', null, null, 'FINAL', null);
INSERT INTO obs (obs_id, person_id, concept_id, encounter_id, order_id, obs_datetime, location_id, obs_group_id, accession_number, value_group_id, value_coded, value_coded_name_id, value_drug, value_datetime, value_numeric, value_modifier, value_text, value_complex, comments, creator, date_created, voided, voided_by, date_voided, void_reason, uuid, previous_version, form_namespace_and_path, status, interpretation) VALUES (82483, 1840, 201, 43206, null, '2018-01-08 00:00:00', 31, 82482, null, null, null, null, null, null, null, null, '85', null, null, 1, '2018-01-14 12:21:38', 0, null, null, null, '76a47e91-9d60-4553-adfa-422715c781a7', null, null, 'FINAL', null);

# Data for First Stage Validation form

INSERT INTO concept (concept_id, retired, short_name, description, form_text, datatype_id, class_id, is_set, creator, date_created, version, changed_by, date_changed, retired_by, date_retired, retire_reason, uuid) VALUES (236, 0, null, null, null, 3, 7, 0, 1, '2014-09-18 14:18:05', null, 1, '2014-09-18 14:18:05', null, null, null, '81c66271-34f-fg4e-4tt5-9879hkj4');
INSERT INTO concept (concept_id, retired, short_name, description, form_text, datatype_id, class_id, is_set, creator, date_created, version, changed_by, date_changed, retired_by, date_retired, retire_reason, uuid) VALUES (623, 0, null, null, null, 3, 7, 0, 1, '2014-09-18 14:18:05', null, 1, '2014-09-18 14:18:05', null, null, null, '81c66271-34f-fg4e-4tt5-9879hkj5');

INSERT INTO encounter (encounter_id, encounter_type, patient_id, location_id, form_id, encounter_datetime, creator, date_created, voided, voided_by, date_voided, void_reason, changed_by, date_changed, visit_id, uuid) VALUES (22, 1, 124, 8, null, '2015-01-22 00:00:00', 22, '2016-11-09 15:40:12', 0, null, null, null, null, null, 1, '5702715d-2461-4f4d-bd2f-39c674922778');

INSERT INTO obs (obs_id, person_id, concept_id, encounter_id, order_id, obs_datetime, location_id, obs_group_id, accession_number, value_group_id, value_coded, value_coded_name_id, value_drug, value_datetime, value_numeric, value_modifier, value_text, value_complex, comments, creator, date_created, voided, voided_by, date_voided, void_reason, uuid, previous_version, form_namespace_and_path, status, interpretation) VALUES (26,124, 397, 22, null, '2015-01-22 00:00:00', 8, null, null, null, null, null, null, null, null, null, null, null, null, 22, '2016-11-09 15:40:12', 0, null, null, null, '303dd316-120f-4594-9b6c-4c46e66dfe26', null, null, 'FINAL', null);
INSERT INTO obs (obs_id, person_id, concept_id, encounter_id, order_id, obs_datetime, location_id, obs_group_id, accession_number, value_group_id, value_coded, value_coded_name_id, value_drug, value_datetime, value_numeric, value_modifier, value_text, value_complex, comments, creator, date_created, voided, voided_by, date_voided, void_reason, uuid, previous_version, form_namespace_and_path, status, interpretation) VALUES (27,124, 399, 22, null, '2015-01-22 00:00:00', 8, 26, null, null, null, null, null, null, null, null, null, null, null, 22, '2016-11-09 15:40:12', 0, null, null, null, 'e5c47cfc-c629-46f9-a0f0-92e6f159d22b', null, null, 'FINAL', null);
INSERT INTO obs (obs_id, person_id, concept_id, encounter_id, order_id, obs_datetime, location_id, obs_group_id, accession_number, value_group_id, value_coded, value_coded_name_id, value_drug, value_datetime, value_numeric, value_modifier, value_text, value_complex, comments, creator, date_created, voided, voided_by, date_voided, void_reason, uuid, previous_version, form_namespace_and_path, status, interpretation) VALUES (28,124, 251, 22, null, '2015-01-22 00:00:00', 8, 27, null, null, 349, null, null, null, null, null, null, null, null, 22, '2016-11-09 15:40:12', 0, null, null, null, '5f391d5d-d31a-485e-b90e-81163fdfb820', null, null, 'FINAL', null);

INSERT INTO episode_encounter (episode_id, encounter_id) VALUES (1, 22);
INSERT INTO episode_patient_program (episode_id, patient_program_id) VALUES (1, 1);
INSERT INTO patient_program (patient_program_id,patient_id, program_id, date_enrolled, date_completed, location_id, outcome_concept_id, creator, date_created, changed_by, date_changed, voided, voided_by, date_voided, void_reason, uuid) VALUES (1, 124, 1, '2015-01-22 00:00:00', null, null, null, 22, '2016-11-09 15:28:30', null, null, 0, null, null, null, 'd0ec40b7-8348-40ed-8284-fd58686c27ef');
INSERT INTO program (program_id, concept_id, outcomes_concept_id, creator, date_created, changed_by, date_changed, retired, name, description, uuid) VALUES (1, 236, 623, 8, '2016-08-11 12:28:52', 8, '2016-10-03 05:39:49', 0, 'Program Name', 'Program for Patient', '029262f3-b618-4c1e-80c2-d4ecadd38fb2');

-- Start of test data for bacteriology job

-- Adding two obs for multi-select concept 'Specimen Sample Source' (in defaultApp.json)
INSERT INTO obs (obs_id, person_id, concept_id, encounter_id, order_id, obs_datetime, location_id, obs_group_id,
accession_number, value_group_id, value_coded, value_coded_name_id, value_drug, value_datetime, value_numeric,
value_modifier, value_text, value_complex, comments, creator, date_created, voided, voided_by, date_voided, void_reason,
uuid, previous_version, form_namespace_and_path, status, interpretation)
VALUES (2820,124, 134, 22, null, '2015-01-22 00:00:00', 8, null,
null, null, null, null, null, null, null,
null, null, null, null, 22, '2016-11-09 15:40:12', 0, null, null, null,
'5f391d5d-d31a-485e-b90e-811aiddfb820', null, null, 'FINAL', null);

INSERT INTO obs (obs_id, person_id, concept_id, encounter_id, order_id, obs_datetime, location_id, obs_group_id,
accession_number, value_group_id, value_coded, value_coded_name_id, value_drug, value_datetime, value_numeric,
value_modifier, value_text, value_complex, comments, creator, date_created,
voided, voided_by, date_voided, void_reason, uuid, previous_version, form_namespace_and_path, status, interpretation)
VALUES (2821,124, 136, 22, null, '2015-01-22 00:00:00', 8, 2820,
null, null, null, null, null, null, 1,
null, null, null, null, 22, '2016-11-09 15:40:12',
0, null, null, null, '5f391d5d-d31a-485e-b90e-811aiddfb820', null, null, 'FINAL', null);

INSERT INTO obs (obs_id, person_id, concept_id, encounter_id, order_id, obs_datetime, location_id, obs_group_id,
accession_number, value_group_id, value_coded, value_coded_name_id, value_drug, value_datetime, value_numeric, value_modifier, value_text, value_complex, comments, creator, date_created,
voided, voided_by, date_voided, void_reason, uuid, previous_version, form_namespace_and_path, status, interpretation)
VALUES (2822,124, 136, 22, null, '2015-01-22 00:00:00', 8, 2820,
null, null, null, null, null, null, 2,
null, null, null, null, 22, '2016-11-09 15:40:12',
0, null, null, null, '5f391d5d-d31a-485e-b90e-811aiddfb820', null, null, 'FINAL', null);

--End of test data for bacteriology job


-- Data for Incremental Update for Obs Data Job---------------
INSERT INTO concept (concept_id, retired, short_name, description, form_text, datatype_id, class_id, is_set, creator, date_created, version, changed_by, date_changed, retired_by, date_retired, retire_reason, uuid) VALUES (1215, 0, null, null, null, 2, 7, 0, 8, '2017-04-14 09:51:28', null, 8, '2017-04-14 09:51:28', null, null, null, '11d1916a-846b-4ef9-a84e-803488fbe027');
INSERT INTO concept (concept_id, retired, short_name, description, form_text, datatype_id, class_id, is_set, creator, date_created, version, changed_by, date_changed, retired_by, date_retired, retire_reason, uuid) VALUES (1216, 0, null, null, null, 2, 7, 0, 8, '2017-04-14 09:51:28', null, 8, '2017-04-14 09:51:28', null, null, null, 'b0de778c-c456-4f7e-a824-66a0de484840');
INSERT INTO concept (concept_id, retired, short_name, description, form_text, datatype_id, class_id, is_set, creator, date_created, version, changed_by, date_changed, retired_by, date_retired, retire_reason, uuid) VALUES (1719, 0, null, null, null, 4, 10, 1, 8, '2017-04-14 09:52:32', null, 8, '2017-04-14 09:52:32', null, null, null, 'e2f17d82-4bb7-41f9-bf7f-47f8383ca7d1');
INSERT INTO concept (concept_id, retired, short_name, description, form_text, datatype_id, class_id, is_set, creator, date_created, version, changed_by, date_changed, retired_by, date_retired, retire_reason, uuid) VALUES (845, 0, null, null, null, 4, 11, 0, 8, '2017-04-14 09:51:11', null, 8, '2017-04-14 09:51:11', null, null, null, 'f8e58ff1-9185-43e2-a2e9-491be99a23de');
INSERT INTO concept (concept_id, retired, short_name, description, form_text, datatype_id, class_id, is_set, creator, date_created, version, changed_by, date_changed, retired_by, date_retired, retire_reason, uuid) VALUES (846, 0, null, null, null, 4, 11, 0, 8, '2017-04-14 09:51:11', null, 8, '2017-04-14 09:51:11', null, null, null, '5d418992-1778-4133-ad33-4c54089fddc7');
INSERT INTO concept (concept_id, retired, short_name, description, form_text, datatype_id, class_id, is_set, creator, date_created, version, changed_by, date_changed, retired_by, date_retired, retire_reason, uuid) VALUES (850, 0, null, null, null, 4, 11, 0, 8, '2017-04-14 09:51:12', null, 8, '2017-04-14 09:51:12', null, null, null, 'ab1eac22-e4dc-4db9-99b5-09717738625d');
INSERT INTO concept (concept_id, retired, short_name, description, form_text, datatype_id, class_id, is_set, creator, date_created, version, changed_by, date_changed, retired_by, date_retired, retire_reason, uuid) VALUES (1217, 0, null, null, null, 2, 7, 0, 8, '2017-04-14 09:51:28', null, 8, '2017-04-14 09:51:28', null, null, null, 'c29bf65f-2355-4276-9e8b-bea6df212efa');


INSERT INTO concept_name (concept_name_id, concept_id, name, locale, locale_preferred, creator, date_created, concept_name_type, voided, voided_by, date_voided, void_reason, uuid, date_changed, changed_by) VALUES (1898, 1215, 'HE, Marital status', 'en', 1, 8, '2017-04-14 09:51:28', 'FULLY_SPECIFIED', 0, null, null, null, '45e55ff7-e337-45b4-b7a2-a6b755ecafff', null, null);
INSERT INTO concept_name (concept_name_id, concept_id, name, locale, locale_preferred, creator, date_created, concept_name_type, voided, voided_by, date_voided, void_reason, uuid, date_changed, changed_by) VALUES (1901, 1216, 'HE, Highest education level', 'en', 1, 8, '2017-04-14 09:51:28', 'FULLY_SPECIFIED', 0, null, null, null, '957eea71-3118-4c99-a9bc-a12df65f25e9', null, null);
INSERT INTO concept_name (concept_name_id, concept_id, name, locale, locale_preferred, creator, date_created, concept_name_type, voided, voided_by, date_voided, void_reason, uuid, date_changed, changed_by) VALUES (2603, 1719, 'Health Education', 'en', 1, 8, '2017-04-14 09:52:32', 'FULLY_SPECIFIED', 0, null, null, null, 'dd514643-d352-40f9-b3b9-54c6c5802ab8', null, null);
INSERT INTO concept_name (concept_name_id, concept_id, name, locale, locale_preferred, creator, date_created, concept_name_type, voided, voided_by, date_voided, void_reason, uuid, date_changed, changed_by) VALUES (1474, 845, 'Single', 'en', 1, 8, '2017-04-14 09:51:11', 'FULLY_SPECIFIED', 0, null, null, null, '8a975f1d-0c3d-4782-a283-ca952eba4bd6', null, null);
INSERT INTO concept_name (concept_name_id, concept_id, name, locale, locale_preferred, creator, date_created, concept_name_type, voided, voided_by, date_voided, void_reason, uuid, date_changed, changed_by) VALUES (1475, 846, 'Married', 'en', 1, 8, '2017-04-14 09:51:11', 'FULLY_SPECIFIED', 0, null, null, null, 'ce423b85-ca9a-40e7-a80b-bb38b242cfda', null, null);
INSERT INTO concept_name (concept_name_id, concept_id, name, locale, locale_preferred, creator, date_created, concept_name_type, voided, voided_by, date_voided, void_reason, uuid, date_changed, changed_by) VALUES (1479, 850, 'No formal education', 'en', 1, 8, '2017-04-14 09:51:12', 'FULLY_SPECIFIED', 0, null, null, null, '42b243ae-d697-485b-bea0-5fea3c2ab6d2', null, null);
INSERT INTO concept_name (concept_name_id, concept_id, name, locale, locale_preferred, creator, date_created, concept_name_type, voided, voided_by, date_voided, void_reason, uuid, date_changed, changed_by) VALUES (1903, 1217, 'HE, Pregnancy status', 'en', 1, 8, '2017-04-14 09:51:28', 'FULLY_SPECIFIED', 0, null, null, null, 'b7012937-f1d0-4f4f-b761-b88de5579868', null, null);


INSERT INTO concept_set (concept_set_id, concept_id, concept_set, sort_weight, creator, date_created, uuid) VALUES (864, 1719, 88, 6, 8, '2017-04-14 10:04:07', '8d4a881b-20e0-11e7-a53f-000c29e530d2');
INSERT INTO concept_set (concept_set_id, concept_id, concept_set, sort_weight, creator, date_created, uuid) VALUES (1201, 1215, 1719, 1001, 8, '2017-09-22 10:05:36', '6ef97b61-9f64-11e7-b330-000c29e530d2');
INSERT INTO concept_set (concept_set_id, concept_id, concept_set, sort_weight, creator, date_created, uuid) VALUES (1202, 1216, 1719, 1002, 8, '2017-09-22 10:05:36', '6ef99240-9f64-11e7-b330-000c29e530d2');
INSERT INTO concept_set (concept_set_id, concept_id, concept_set, sort_weight, creator, date_created, uuid) VALUES (1203, 1217, 1719, 1003, 8, '2017-09-22 10:05:36', '6ef9a46a-9f64-11e7-b330-000c29e530d2');


INSERT INTO event_records (uuid, title, timestamp, uri, object, category, date_created, tags) VALUES ('3b2f5236-1d69-4de2-bab2-e75f1a916714', 'Encounter', '2018-07-04 15:46:34', null, '/openmrs/ws/rest/v1/bahmnicore/bahmniencounter/92bdb549-a949-4d3b-85e8-e6b90f965333?includeAll=true', 'Encounter', '2018-07-04 15:46:33', 'Encounter');

INSERT INTO encounter (encounter_id, encounter_type, patient_id, location_id, form_id, encounter_datetime, creator, date_created, voided, voided_by, date_voided, void_reason, changed_by, date_changed, visit_id, uuid) VALUES (58638, 1, 1040, 8, null, '2018-07-04 15:46:32', 8, '2018-07-04 15:46:32', 0, null, null, null, null, null, 5182, '92bdb549-a949-4d3b-85e8-e6b90f965333');

INSERT INTO obs (obs_id, person_id, concept_id, encounter_id, order_id, obs_datetime, location_id, obs_group_id, accession_number, value_group_id, value_coded, value_coded_name_id, value_drug, value_datetime, value_numeric, value_modifier, value_text, value_complex, comments, creator, date_created, voided, voided_by, date_voided, void_reason, uuid, previous_version, form_namespace_and_path, status, interpretation) VALUES (649012, 1040, 1719, 58638, null, '2018-07-04 15:46:32', 8, null, null, null, null, null, null, null, null, null, null, null, null, 8, '2018-07-04 15:46:32', 0, null, null, null, '8ca435e6-afb9-4a3a-9d79-a175667ad0c8', null, null, 'FINAL', null);
INSERT INTO obs (obs_id, person_id, concept_id, encounter_id, order_id, obs_datetime, location_id, obs_group_id, accession_number, value_group_id, value_coded, value_coded_name_id, value_drug, value_datetime, value_numeric, value_modifier, value_text, value_complex, comments, creator, date_created, voided, voided_by, date_voided, void_reason, uuid, previous_version, form_namespace_and_path, status, interpretation) VALUES (649014, 1040, 1216, 58638, null, '2018-07-04 15:46:32', 8, 649012, null, null, 850, null, null, null, null, null, null, null, null, 8, '2018-07-04 15:46:32', 0, null, null, null, '6466f139-8d32-489e-8396-c5419b6dd737', null, null, 'FINAL', null);
INSERT INTO obs (obs_id, person_id, concept_id, encounter_id, order_id, obs_datetime, location_id, obs_group_id, accession_number, value_group_id, value_coded, value_coded_name_id, value_drug, value_datetime, value_numeric, value_modifier, value_text, value_complex, comments, creator, date_created, voided, voided_by, date_voided, void_reason, uuid, previous_version, form_namespace_and_path, status, interpretation) VALUES (649013, 1040, 1215, 58638, null, '2018-07-04 15:46:32', 8, 649012, null, null, 845, null, null, null, null, null, null, null, null, 8, '2018-07-04 15:46:32', 0, null, null, null, '29fac8bc-f640-4401-9ee6-9bd8cbab6353', null, null, 'FINAL', null);

-- New Encounter Data
INSERT INTO encounter (encounter_id, encounter_type, patient_id, location_id, form_id, encounter_datetime, creator, date_created, voided, voided_by, date_voided, void_reason, changed_by, date_changed, visit_id, uuid) VALUES (58639, 1, 1040, 8, null, '2018-07-04 17:31:08', 8, '2018-07-04 17:31:08', 0, null, null, null, null, null, 5182, '2da7f5b1-ff19-476a-b797-eecee07bb294');
INSERT INTO event_records ( uuid, title, timestamp, uri, object, category, date_created, tags) VALUES ( '2a7cb558-8b94-4e15-a435-35d524930487', 'Encounter', '2018-07-04 17:31:10', null, '/openmrs/ws/rest/v1/bahmnicore/bahmniencounter/2da7f5b1-ff19-476a-b797-eecee07bb294?includeAll=true', 'Encounter', '2018-07-04 17:31:09', 'Encounter');
INSERT INTO obs (obs_id, person_id, concept_id, encounter_id, order_id, obs_datetime, location_id, obs_group_id, accession_number, value_group_id, value_coded, value_coded_name_id, value_drug, value_datetime, value_numeric, value_modifier, value_text, value_complex, comments, creator, date_created, voided, voided_by, date_voided, void_reason, uuid, previous_version, form_namespace_and_path, status, interpretation) VALUES (649017, 1040, 1719, 58639, null, '2018-07-04 17:31:08', 8, null, null, null, null, null, null, null, null, null, null, null, null, 8, '2018-07-04 17:31:08', 0, null, null, null, '5ffc692c-a194-4ecb-84b5-8f976f1a8a11', null, null, 'FINAL', null);
INSERT INTO obs (obs_id, person_id, concept_id, encounter_id, order_id, obs_datetime, location_id, obs_group_id, accession_number, value_group_id, value_coded, value_coded_name_id, value_drug, value_datetime, value_numeric, value_modifier, value_text, value_complex, comments, creator, date_created, voided, voided_by, date_voided, void_reason, uuid, previous_version, form_namespace_and_path, status, interpretation) VALUES (649019, 1040, 1215, 58639, null, '2018-07-04 17:31:08', 8, 649017, null, null, 845, null, null, null, null, null, null, null, null, 8, '2018-07-04 17:31:08', 0, null, null, null, '0f8d8e1c-0d20-4fe7-b2f7-71bdcc47964e', null, null, 'FINAL', null);
INSERT INTO obs (obs_id, person_id, concept_id, encounter_id, order_id, obs_datetime, location_id, obs_group_id, accession_number, value_group_id, value_coded, value_coded_name_id, value_drug, value_datetime, value_numeric, value_modifier, value_text, value_complex, comments, creator, date_created, voided, voided_by, date_voided, void_reason, uuid, previous_version, form_namespace_and_path, status, interpretation) VALUES (649018, 1040, 1217, 58639, null, '2018-07-04 17:31:08', 8, 649017, null, null, 1, null, null, null, null, null, null, null, null, 8, '2018-07-04 17:31:08', 0, null, null, null, 'd5523c25-7cb3-419e-8af3-1564e1157022', null, null, 'FINAL', null);

-- Modified Existing Encounter Data
INSERT INTO event_records ( uuid, title, timestamp, uri, object, category, date_created, tags) VALUES ( '72b6fbd8-5afa-41b7-82f1-8219f04ef971', 'Encounter', '2018-07-04 17:05:27', null, '/openmrs/ws/rest/v1/bahmnicore/bahmniencounter/92bdb549-a949-4d3b-85e8-e6b90f965333?includeAll=true', 'Encounter', '2018-07-04 17:05:27', 'Encounter');

UPDATE obs SET voided = 1 WHERE encounter_id = 58638 AND concept_id = 1215;
INSERT INTO obs (obs_id, person_id, concept_id, encounter_id, order_id, obs_datetime, location_id, obs_group_id, accession_number, value_group_id, value_coded, value_coded_name_id, value_drug, value_datetime, value_numeric, value_modifier, value_text, value_complex, comments, creator, date_created, voided, voided_by, date_voided, void_reason, uuid, previous_version, form_namespace_and_path, status, interpretation) VALUES (649016, 1040, 1217, 58638, null, '2018-07-04 17:05:26', 8, 649012, null, null, 1, null, null, null, null, null, null, null, null, 8, '2018-07-04 17:05:26', 0, null, null, null, 'f0edc321-2794-4763-a77e-67dcc4b50859', null, null, 'FINAL', null);
INSERT INTO obs (obs_id, person_id, concept_id, encounter_id, order_id, obs_datetime, location_id, obs_group_id, accession_number, value_group_id, value_coded, value_coded_name_id, value_drug, value_datetime, value_numeric, value_modifier, value_text, value_complex, comments, creator, date_created, voided, voided_by, date_voided, void_reason, uuid, previous_version, form_namespace_and_path, status, interpretation) VALUES (649015, 1040, 1215, 58638, null, '2018-07-04 15:46:32', 8, 649012, null, null, 846, null, null, null, null, null, null, null, null, 8, '2018-07-04 17:05:26', 0, null, null, null, '47a57c02-3594-42d6-93b0-21ec74043101', 649013, null, 'AMENDED', null);


--End of test data for Obs job

-- Data for IncrementalUpdateForCustomSqlJob
-- Update already inserted data
UPDATE patient_program SET patient_id = 126 WHERE patient_program_id = 1;

INSERT INTO event_records (object, title, category, tags) VALUE ('/openmrs/ws/rest/v1/programenrollment/d0ec40b7-8348-40ed-8284-fd58686c27ef?v=full', 'Progam Enrollment', 'programenrollment', 'programenrollment');

-- Newly inserted data
INSERT INTO patient_program (patient_program_id,patient_id, program_id, date_enrolled, date_completed, location_id, outcome_concept_id, creator, date_created, changed_by, date_changed, voided, voided_by, date_voided, void_reason, uuid) VALUES (3, 127, 1, '2015-01-22 00:00:00', null, null, null, 22, '2016-11-09 15:28:30', null, null, 0, null, null, null, '80ef40b7-8ab8-123d-1234-fd58686cabef');

INSERT INTO event_records (object, title, category, tags) VALUE ('/openmrs/ws/rest/v1/programenrollment/80ef40b7-8ab8-123d-1234-fd58686cabef?v=full', 'Progam Enrollment', 'programenrollment', 'programenrollment');
-- End of test data for IncrementalUpdateForCustomSqlJob

-- Data for IncrementalUpdateForEavJob
-- Update already inserted data
INSERT INTO person_attribute (person_id, value, person_attribute_type_id, date_created, uuid) VALUES (125, 'Hulk', 1, '2018-07-04 5:16:12', '976cccaf-748e-4aa7-89de-cd4b840f5e49');

INSERT INTO event_records (object, title, category, tags) VALUE ('/openmrs/ws/rest/v1/patient/7e8878a4-e42f-1185-8c3e-08002718d519?v=full', 'Patient', 'patient', 'patient');

-- Newly inserted data
INSERT INTO person_attribute (person_id, value, person_attribute_type_id, date_created, uuid) VALUES (126, 'Captain America', 2, '2018-08-04 23:16:12', 'c71ca806-5a16-41a6-9ab1-9a3e4cbcbf51');

INSERT INTO event_records (object, title, category, tags) VALUE ('/openmrs/ws/rest/v1/patient/7e8888a4-e42f-1185-8c3e-08002718d519?v=full', 'Patient', 'patient', 'patient');
-- End of test data for IncrementalUpdateForEavJob

-- Data for Incremental update for Orders data

INSERT INTO concept_class (concept_class_id, name, description, creator, date_created, retired, retired_by, date_retired, retire_reason, uuid, date_changed, changed_by) VALUES (27, 'Radiology', 'Lab Tests', 1, '2004-03-02 00:00:00', 0, null, null, null, '33a6291c-8a92-11e4-977f-0800371c1b75', null, null);

-- Radiology Orders
INSERT INTO concept (concept_id, retired, short_name, description, form_text, datatype_id, class_id, is_set, creator, date_created, version, changed_by, date_changed, retired_by, date_retired, retire_reason, uuid) VALUES (4, 0, null, null, null, 2, 11, 1, 8, '2015-05-19 11:18:40', null, 8, '2018-04-12 09:05:35', null, null, null, '75377d9b-1bad-4055-abb9-b6c1d34bf1b9');
--Radiology Test
INSERT INTO concept (concept_id, retired, short_name, description, form_text, datatype_id, class_id, is_set, creator, date_created, version, changed_by, date_changed, retired_by, date_retired, retire_reason, uuid) VALUES (7020, 0, null, null, null, 2, 27, 1, 8, '2015-05-19 11:18:40', null, 8, '2018-04-12 09:05:35', null, null, null, '75377d9b-1bad-4055-abb9-b6c1z34bf1b9');
-- X-Ray
INSERT INTO concept (concept_id, retired, short_name, description, form_text, datatype_id, class_id, is_set, creator, date_created, version, changed_by, date_changed, retired_by, date_retired, retire_reason, uuid) VALUES (7021, 0, null, null, null, 2, 27, 0, 8, '2015-05-19 11:18:40', null, 8, '2018-04-12 09:05:35', null, null, null, '75377d9f-1bad-4055-abb9-b6c1z34bf1b9');

INSERT INTO concept_set (concept_set_id, concept_id, concept_set, sort_weight, creator, date_created, uuid) VALUES (11999, 4, 1858, 5, 1, '2016-03-07 12:10:38', '2ab7981d-0df6-4eb5-a5e9-95ae36a6267c');
INSERT INTO concept_set (concept_set_id, concept_id, concept_set, sort_weight, creator, date_created, uuid) VALUES (119100, 7020, 4, 4, 1, '2016-03-07 12:10:38', '2ab7981d-0df6-4e5b-a5e9-95ae36a9261c');
INSERT INTO concept_set (concept_set_id, concept_id, concept_set, sort_weight, creator, date_created, uuid) VALUES (119101, 7021, 7020, 4, 1, '2016-03-07 12:10:38', '2ab7981f-0df6-4e5b-a5e9-95ae36a9261c');

INSERT INTO concept_name (concept_name_id, concept_id, name, locale, locale_preferred, creator, date_created, concept_name_type, voided, voided_by, date_voided, void_reason, uuid, date_changed, changed_by) VALUES (10169, 4, 'Radiology Orders', 'en', 1, 8, '2018-02-12 07:47:55', 'FULLY_SPECIFIED', 0, null, null, null, '74a7d907-ca61-4ae8-a937-6iduck8c806e', null, null);
INSERT INTO concept_name (concept_name_id, concept_id, name, locale, locale_preferred, creator, date_created, concept_name_type, voided, voided_by, date_voided, void_reason, uuid, date_changed, changed_by) VALUES (10170, 7020, 'Radiology Test', 'en', 1, 8, '2018-02-12 07:47:55', 'FULLY_SPECIFIED', 0, null, null, null, '74a7d907-ca61-4at8-a937-6iduck8c806e', null, null);

-- Order type
INSERT INTO order_type (order_type_id, name, description, creator, date_created, retired, retired_by, date_retired, retire_reason, uuid, java_class_name, parent, changed_by, date_changed) VALUES (2, 'Radiology Order', 'An order for laboratory tests', 8, '2014-09-18 14:18:05', 0, null, null, null, '8189b409-3f10-11e4-adec-0800371c1b75', 'org.openmrs.Order', null, null, null);

-- Order type map
INSERT INTO  order_type_class_map (order_type_id, concept_class_id) VALUES (2, 27);

INSERT INTO encounter (encounter_id, encounter_type, patient_id, location_id, form_id, encounter_datetime, creator, date_created, voided, voided_by, date_voided, void_reason, changed_by, date_changed, visit_id, uuid) VALUES (18, 1, 133, 7, null, '2018-07-19 05:53:09', 4, '2018-07-19 05:53:09', 0, null, null, null, null, null, 13, 'c0046218-263a-4f63-aa49-8d9f37b111c4');

INSERT INTO visit (visit_id, patient_id, visit_type_id, date_started, date_stopped, indication_concept_id, location_id, creator, date_created, changed_by, date_changed, voided, voided_by, date_voided, void_reason, uuid) VALUES (13, 133, 4, '2018-07-19 05:51:08', null, null, 2, 4, '2018-07-19 05:51:08', null, null, 0, null, null, null, 'b1561a4b-0474-405f-b05b-be4324b7efcf');

INSERT INTO orders (order_id, order_type_id, concept_id, orderer, encounter_id, instructions, date_activated, auto_expire_date, date_stopped, order_reason, order_reason_non_coded, creator, date_created, voided, voided_by, date_voided, void_reason, patient_id, accession_number, uuid, urgency, order_number, previous_order_id, order_action, comment_to_fulfiller, care_setting, scheduled_date, order_group_id, sort_weight) VALUES (3, 2, 7020, 18, 18, NULL, '2018-07-19 06:54:41', '2018-07-19 07:54:41', NULL, NULL, NULL, 8, '2018-07-19 06:54:41', 0, NULL, NULL, NULL, 133, NULL, '01fa3dae-d5ce-4c82-925b-e31b40afe4e3', 'ROUTINE', 'ORD-786', NULL, 'NEW', NULL, 1, NULL, NULL, NULL);

INSERT INTO event_records ( uuid, title, timestamp, uri, object, category, date_created, tags) VALUES ( '72b6fbd8-5afa-41b7-82f1-8219f04ef975', 'Encounter', '2018-07-19 17:05:27', null, '/openmrs/ws/rest/v1/bahmnicore/bahmniencounter/c0046218-263a-4f63-aa49-8d9f37b111c4?includeAll=true', 'Encounter', '2018-07-19 17:05:27', 'Encounter');

-- End of test data for Orders test data

-- Form builder forms test data

INSERT INTO concept VALUES
(27, 0, null, null, null, 3, 11, 0, 1, '2016-03-07 12:10:33', null, 1, '2016-03-07 12:10:33',
  null, null, null, '7e2bdbd0-e42f-11e5-8c3e-08002715d519'),
(2186, 0, null, null, null, 1, 5, 0, 8, '2017-06-09 09:18:09', null, 8, '2017-06-09 09:18:09',
  null, null, null,'9b95ce36-c39f-4372-826d-7cdb7cc99a1d'),
(3498, 0, null, null, null, 2, 11, 0, 8, '2017-11-17 09:21:14', null, 8, '2017-11-17 09:21:14',
  null, null, null,'f952b0f7-b7e7-46ae-b71c-26dfc7f343d7'),
(3408, 0, null, null, null, 4, 11, 0, 8, '2017-11-17 09:21:04', null, 8, '2017-11-17 09:21:04',
  null, null, null, '9fe15e1f-bfd3-4d38-ad2c-5671f9f405e1'),
(3409, 0, null, null, null, 4, 11, 0, 8, '2017-11-17 09:21:04', null, 8, '2017-11-17 09:21:04',
  null, null, null, 'a7411c07-b028-4b51-8f39-703c3ce849cf'),
(3410, 0, null, null, null, 4, 11, 0, 8, '2017-11-17 09:21:04', null, 8, '2017-11-17 09:21:04',
  null, null, null, '339e2f8c-d52f-402a-a4ea-f6946d481e0b');

INSERT INTO concept_name VALUES
(69, 27, 'Disposition''s Note', 'en', 1, 1, '2016-03-07 12:10:33', 'FULLY_SPECIFIED', 0, null, null,
  null, '7e2be2cd-e42f-11e5-8c3e-08002715d519', null, null),
(3144, 2186, 'WWN, Systolic blood pressure', 'en', 1, 8, '2017-06-09 09:18:09', 'FULLY_SPECIFIED', 0,
  null, null, null, '39da68f4-fe6e-440d-83d8-1a7701ed17fe', null, null),
(5465, 3498, 'HI, Penicillin', 'en', 1, 8, '2017-11-17 09:21:14', 'FULLY_SPECIFIED', 0,
  null, null, null, '2a0eeeb2-ac4f-46f6-ade2-80d5558a80f7', null, null),
(5295, 3408, 'Susceptible', 'en', 1, 8, '2017-11-17 09:21:04', 'FULLY_SPECIFIED', 0,
  null, null, null, 'b522c92d-2e5e-4047-997e-5ef608cc9317', null, null),
(5296, 3409, 'Resistant', 'en', 1, 8, '2017-11-17 09:21:04', 'FULLY_SPECIFIED', 0,
  null, null, null, '55ac3508-a9e2-4d72-9652-8b1d387dabeb', null, null),
(5297, 3410, 'Intermediate', 'en', 1, 8, '2017-11-17 09:21:04', 'FULLY_SPECIFIED', 0,
  null, null, null, 'a7b6b0bd-60aa-4118-a580-bf18a0cefcc9', null, null);


INSERT INTO form(form_id, name, version, published, creator, date_created, changed_by, date_changed, retired, uuid)
VALUES
(78, 'FormBuilderForm', 2, 1, 8, '2019-02-05 10:59:14', 8,
'2019-02-05 10:59:17', 0,'0a15ea90-a310-43db-a55b-e80b75423bb8');

INSERT INTO form(form_id, name, version, published, creator, date_created, changed_by, date_changed, retired, uuid)
VALUES
(90, 'FormBuilderFormIncremental', 2, 1, 8, '2019-02-05 10:59:14', 8,
'2019-02-05 10:59:17', 0,'0a15ea90-a310-43db-a55b-eaeb75423ab8');

INSERT INTO global_property(property, property_value, uuid) VALUES ('bahmni.formTranslations.directory',
'src/test/resources/form2MetadataJson/translations', '67e4dd4b-3860-4b32-9e53-019ad7e74951');
-- End of form builder forms test data

--Test data for BatchConfigurationIT.shouldApplyIncrementalUpdateForForm2Obs()
--Form2ObsIncrementalData
INSERT INTO obs VALUES
(1236500,125,2186,58639,null,'2019-02-05 11:02:16',9,null,null,null,null,null,null,null,4,null,null,null,null,8,
'2019-02-05 11:02:16',0,null,null,null,'z5714d67-b655-4dc8-9f56-87b1dfac1ba6',null,'Bahmni^FormBuilderFormIncremental.1/1-0','FINAL',null),

(1236501,125,27,58639,null,'2019-02-05 11:02:16',9,null,null,null,null,null,null,null,null,null,'Notes 1',null,null,8,
'2019-02-05 11:02:16',0,null,null,null,'yfb6ecce-6e87-4bae-85be-05b1fb7e083e',null,'Bahmni^FormBuilderFormIncremental.1/2-0/3-0','FINAL',null),
(1236502,125,3498,58639,null,'2019-02-05 11:02:16',9,null,null,null,3408,null,null,null,null,null,null,null,null,8,
'2019-02-05 11:02:16',0,null,null,null,'v453d826-726e-4e05-9dbd-383667c5b42d',null,'Bahmni^FormBuilderFormIncremental.1/2-0/4-0','FINAL',null),
(1236503,125,3498,58639,null,'2019-02-05 11:02:16',9,null,null,null,3409,null,null,null,null,null,null,null,null,8,
'2019-02-05 11:02:16',0,null,null,null,'xbfe43e6-b50a-4c53-9a4d-35d87ad3ee49',null,'Bahmni^FormBuilderFormIncremental.1/2-0/4-0','FINAL',null),
-- Another Patient Data
(1236504,126,27,58638,null,'2019-02-05 11:15:46',9,null,null,null,null,null,null,null,null,null,'Notes 2',null,null,8,
'2019-02-05 11:15:46',0,null,null,null,'wb307ba4-d2dd-4ddf-a207-c42c8d0e7128',null,'Bahmni^FormBuilderFormIncremental.1/2-0/3-0','FINAL',null),
(1236505,126,2186,58638,null,'2019-02-05 11:15:46',9,null,null,null,null,null,null,null,9,null,null,null,null,8,
'2019-02-05 11:15:46',0,null,null,null,'s5cc3908-146a-4097-becd-e62550015b4b',null,'Bahmni^FormBuilderFormIncremental.1/1-0','FINAL',null),
(1236506,126,3498,58638,null,'2019-02-05 11:15:46',9,null,null,null,3410,null,null,null,null,null,null,null,null,8,
'2019-02-05 11:15:46',0,null,null,null,'r287eba1-e7a8-48b3-9fbd-6ca7c67dd394',null,'Bahmni^FormBuilderFormIncremental.1/2-0/4-0','FINAL',null);
