INSERT INTO concept_class (concept_class_id, name, description, creator, date_created, retired, retired_by, date_retired, retire_reason, uuid, date_changed, changed_by) VALUES (1, 'Test', 'Acq. during patient encounter (vitals, labs, etc.)', 1, '2004-02-02 00:00:00', 0, null, null, null, '8d4907b2-c2cc-11de-8d13-0010c6dffd0f', null, null);
INSERT INTO concept_class (concept_class_id, name, description, creator, date_created, retired, retired_by, date_retired, retire_reason, uuid, date_changed, changed_by) VALUES (2, 'Procedure', 'Describes a clinical procedure', 1, '2004-03-02 00:00:00', 0, null, null, null, '8d490bf4-c2cc-11de-8d13-0010c6dffd0f', null, null);
INSERT INTO concept_class (concept_class_id, name, description, creator, date_created, retired, retired_by, date_retired, retire_reason, uuid, date_changed, changed_by) VALUES (3, 'Drug', 'Drug', 1, '2004-02-02 00:00:00', 0, null, null, null, '8d490dfc-c2cc-11de-8d13-0010c6dffd0f', null, null);
INSERT INTO concept_class (concept_class_id, name, description, creator, date_created, retired, retired_by, date_retired, retire_reason, uuid, date_changed, changed_by) VALUES (4, 'Diagnosis', 'Conclusion drawn through findings', 1, '2004-02-02 00:00:00', 0, null, null, null, '8d4918b0-c2cc-11de-8d13-0010c6dffd0f', null, null);
INSERT INTO concept_class (concept_class_id, name, description, creator, date_created, retired, retired_by, date_retired, retire_reason, uuid, date_changed, changed_by) VALUES (5, 'Finding', 'Practitioner observation/finding', 1, '2004-03-02 00:00:00', 0, null, null, null, '8d491a9a-c2cc-11de-8d13-0010c6dffd0f', null, null);
INSERT INTO concept_class (concept_class_id, name, description, creator, date_created, retired, retired_by, date_retired, retire_reason, uuid, date_changed, changed_by) VALUES (6, 'Anatomy', 'Anatomic sites / descriptors', 1, '2004-03-02 00:00:00', 0, null, null, null, '8d491c7a-c2cc-11de-8d13-0010c6dffd0f', null, null);
INSERT INTO concept_class (concept_class_id, name, description, creator, date_created, retired, retired_by, date_retired, retire_reason, uuid, date_changed, changed_by) VALUES (7, 'Question', 'Question (eg, patient history, SF36 items)', 1, '2004-03-02 00:00:00', 0, null, null, null, '8d491e50-c2cc-11de-8d13-0010c6dffd0f', null, null);
INSERT INTO concept_class (concept_class_id, name, description, creator, date_created, retired, retired_by, date_retired, retire_reason, uuid, date_changed, changed_by) VALUES (8, 'LabSet', 'Panels', 1, '2004-03-02 00:00:00', 0, null, null, null, '8d492026-c2cc-11de-8d13-0010c6dffd0f', null, null);
INSERT INTO concept_class (concept_class_id, name, description, creator, date_created, retired, retired_by, date_retired, retire_reason, uuid, date_changed, changed_by) VALUES (9, 'MedSet', 'Term to describe medication sets', 1, '2004-02-02 00:00:00', 0, null, null, null, '8d4923b4-c2cc-11de-8d13-0010c6dffd0f', null, null);
INSERT INTO concept_class (concept_class_id, name, description, creator, date_created, retired, retired_by, date_retired, retire_reason, uuid, date_changed, changed_by) VALUES (10, 'ConvSet', 'Term to describe convenience sets', 1, '2004-03-02 00:00:00', 0, null, null, null, '8d492594-c2cc-11de-8d13-0010c6dffd0f', null, null);
INSERT INTO concept_class (concept_class_id, name, description, creator, date_created, retired, retired_by, date_retired, retire_reason, uuid, date_changed, changed_by) VALUES (11, 'Misc', 'Terms which don''t fit other categories', 1, '2004-03-02 05:30:00', 0, null, null, null, '8d492774-c2cc-11de-8d13-0010c6dffd0f', null, null);

INSERT INTO concept_datatype (concept_datatype_id, name, hl7_abbreviation, description, creator, date_created, retired, retired_by, date_retired, retire_reason, uuid) VALUES (1, 'Numeric', 'NM', 'Numeric value, including integer or float (e.g., creatinine, weight)', 1, '2004-02-02 00:00:00', 0, null, null, null, '8d4a4488-c2cc-11de-8d13-0010c6dffd0f');
INSERT INTO concept_datatype (concept_datatype_id, name, hl7_abbreviation, description, creator, date_created, retired, retired_by, date_retired, retire_reason, uuid) VALUES (2, 'Coded', 'CWE', 'Value determined by term dictionary lookup (i.e., term identifier)', 1, '2004-02-02 00:00:00', 0, null, null, null, '8d4a48b6-c2cc-11de-8d13-0010c6dffd0f');
INSERT INTO concept_datatype (concept_datatype_id, name, hl7_abbreviation, description, creator, date_created, retired, retired_by, date_retired, retire_reason, uuid) VALUES (3, 'Text', 'ST', 'Free text', 1, '2004-02-02 00:00:00', 0, null, null, null, '8d4a4ab4-c2cc-11de-8d13-0010c6dffd0f');
INSERT INTO concept_datatype (concept_datatype_id, name, hl7_abbreviation, description, creator, date_created, retired, retired_by, date_retired, retire_reason, uuid) VALUES (4, 'N/A', 'ZZ', 'Not associated with a datatype (e.g., term answers, sets)', 1, '2004-02-02 00:00:00', 0, null, null, null, '8d4a4c94-c2cc-11de-8d13-0010c6dffd0f');
INSERT INTO concept_datatype (concept_datatype_id, name, hl7_abbreviation, description, creator, date_created, retired, retired_by, date_retired, retire_reason, uuid) VALUES (5, 'Document', 'RP', 'Pointer to a binary or text-based document (e.g., clinical document, RTF, XML, EKG, image, etc.) stored in complex_obs table', 1, '2004-04-15 00:00:00', 0, null, null, null, '8d4a4e74-c2cc-11de-8d13-0010c6dffd0f');
INSERT INTO concept_datatype (concept_datatype_id, name, hl7_abbreviation, description, creator, date_created, retired, retired_by, date_retired, retire_reason, uuid) VALUES (6, 'Date', 'DT', 'Absolute date', 1, '2004-07-22 00:00:00', 0, null, null, null, '8d4a505e-c2cc-11de-8d13-0010c6dffd0f');
INSERT INTO concept_datatype (concept_datatype_id, name, hl7_abbreviation, description, creator, date_created, retired, retired_by, date_retired, retire_reason, uuid) VALUES (7, 'Time', 'TM', 'Absolute time of day', 1, '2004-07-22 00:00:00', 0, null, null, null, '8d4a591e-c2cc-11de-8d13-0010c6dffd0f');
INSERT INTO concept_datatype (concept_datatype_id, name, hl7_abbreviation, description, creator, date_created, retired, retired_by, date_retired, retire_reason, uuid) VALUES (8, 'Datetime', 'TS', 'Absolute date and time', 1, '2004-07-22 00:00:00', 0, null, null, null, '8d4a5af4-c2cc-11de-8d13-0010c6dffd0f');
INSERT INTO concept_datatype (concept_datatype_id, name, hl7_abbreviation, description, creator, date_created, retired, retired_by, date_retired, retire_reason, uuid) VALUES (10, 'Boolean', 'BIT', 'Boolean value (yes/no, true/false)', 1, '2004-08-26 00:00:00', 0, null, null, null, '8d4a5cca-c2cc-11de-8d13-0010c6dffd0f');
INSERT INTO concept_datatype (concept_datatype_id, name, hl7_abbreviation, description, creator, date_created, retired, retired_by, date_retired, retire_reason, uuid) VALUES (11, 'Rule', 'ZZ', 'Value derived from other data', 1, '2006-09-11 00:00:00', 0, null, null, null, '8d4a5e96-c2cc-11de-8d13-0010c6dffd0f');
INSERT INTO concept_datatype (concept_datatype_id, name, hl7_abbreviation, description, creator, date_created, retired, retired_by, date_retired, retire_reason, uuid) VALUES (12, 'Structured Numeric', 'SN', 'Complex numeric values possible (ie, <5, 1-10, etc.)', 1, '2005-08-06 00:00:00', 0, null, null, null, '8d4a606c-c2cc-11de-8d13-0010c6dffd0f');
INSERT INTO concept_datatype (concept_datatype_id, name, hl7_abbreviation, description, creator, date_created, retired, retired_by, date_retired, retire_reason, uuid) VALUES (13, 'Complex', 'ED', 'Complex value.  Analogous to HL7 Embedded Datatype', 1, '2008-05-28 12:25:34', 0, null, null, null, '8d4a6242-c2cc-11de-8d13-0010c6dffd0f');


INSERT INTO concept (concept_id, retired, short_name, description, form_text, datatype_id, class_id, is_set, creator, date_created, version, changed_by, date_changed, retired_by, date_retired, retire_reason, uuid) VALUES (88, 0, null, null, null, 4, 10, 1, 1, '2016-03-07 12:10:34', null, 8, '2016-09-08 10:08:08', null, null, null, '7eb83ffc-e42f-11e5-8c3e-08002715d519');
INSERT INTO concept (concept_id, retired, short_name, description, form_text, datatype_id, class_id, is_set, creator, date_created, version, changed_by, date_changed, retired_by, date_retired, retire_reason, uuid) VALUES (251, 0, null, null, null, 2, 11, 0, 8, '2016-08-11 14:56:45', null, 8, '2016-10-03 06:50:38', null, null, null, '2b9d75f6-718a-4000-9ca0-bf62bab0596d');
INSERT INTO concept (concept_id, retired, short_name, description, form_text, datatype_id, class_id, is_set, creator, date_created, version, changed_by, date_changed, retired_by, date_retired, retire_reason, uuid) VALUES (397, 0, null, null, null, 4, 11, 1, 8, '2016-08-11 17:14:05', null, 8, '2016-09-08 10:31:56', null, null, null, '6fecaafc-88ea-4a81-81ae-8bf24f179545');
INSERT INTO concept (concept_id, retired, short_name, description, form_text, datatype_id, class_id, is_set, creator, date_created, version, changed_by, date_changed, retired_by, date_retired, retire_reason, uuid) VALUES (399, 0, null, null, null, 4, 1, 1, 8, '2016-08-11 17:45:22', null, 8, '2016-09-24 10:33:58', null, null, null, '51644ad0-b262-4bfd-8f98-3582922ed12d');
INSERT INTO concept (concept_id, retired, short_name, description, form_text, datatype_id, class_id, is_set, creator, date_created, version, changed_by, date_changed, retired_by, date_retired, retire_reason, uuid) VALUES (347, 0, null, null, null, 4, 11, 0, 8, '2016-08-11 15:29:03', null, 8, '2016-08-17 06:56:41', null, null, null, '33958c18-702d-4a44-a4bf-f22b6b563012');
INSERT INTO concept (concept_id, retired, short_name, description, form_text, datatype_id, class_id, is_set, creator, date_created, version, changed_by, date_changed, retired_by, date_retired, retire_reason, uuid) VALUES (348, 0, null, null, null, 4, 11, 0, 8, '2016-08-11 15:29:03', null, 8, '2016-08-17 06:56:41', null, null, null, 'fda37bc6-71ba-42e3-b5da-9f98acc7feda');
INSERT INTO concept (concept_id, retired, short_name, description, form_text, datatype_id, class_id, is_set, creator, date_created, version, changed_by, date_changed, retired_by, date_retired, retire_reason, uuid) VALUES (349, 0, null, null, null, 4, 11, 0, 8, '2016-08-11 15:29:03', null, 8, '2016-10-03 06:55:12', null, null, null, '26a1cec4-be01-4453-ba01-ec1e0d42e064');
INSERT INTO concept (concept_id, retired, short_name, description, form_text, datatype_id, class_id, is_set, creator, date_created, version, changed_by, date_changed, retired_by, date_retired, retire_reason, uuid) VALUES (406, 0, null, null, null, 4, 11, 1, 8, '2016-08-12 13:15:36', null, 8, '2018-03-20 07:59:18', null, null, null, '0c19a365-495e-42c7-a9a0-34d42b31f397');
INSERT INTO concept (concept_id, retired, short_name, description, form_text, datatype_id, class_id, is_set, creator, date_created, version, changed_by, date_changed, retired_by, date_retired, retire_reason, uuid) VALUES (758, 0, null, null, null, 1, 11, 0, 8, '2016-08-31 04:53:09', null, 8, '2016-09-29 11:47:11', null, null, null, '7a642540-3fb6-4fca-94e7-879cb93f34d3');

INSERT INTO concept_set (concept_set_id, concept_id, concept_set, sort_weight, creator, date_created, uuid) VALUES (581, 251, 399, 4, 8, '2016-09-08 10:30:49', '87c464e2-817f-46eb-b4d3-0bf5d0f4fbce');
INSERT INTO concept_set (concept_set_id, concept_id, concept_set, sort_weight, creator, date_created, uuid) VALUES (98, 397, 88, 1, 8, '2016-08-11 17:20:38', 'c9a08c0c-8fad-4789-aed2-42a1b18d2d03');
INSERT INTO concept_set (concept_set_id, concept_id, concept_set, sort_weight, creator, date_created, uuid) VALUES (584, 399, 397, 0, 8, '2016-09-08 10:31:56', 'e17cadcc-10c1-4332-9554-cb3411c05655');
INSERT INTO concept_set (concept_set_id, concept_id, concept_set, sort_weight, creator, date_created, uuid) VALUES (560, 406, 88, 2, 8, '2016-08-31 04:32:40', '02a41a73-7f6c-465f-9555-452b72922563');
INSERT INTO concept_set (concept_set_id, concept_id, concept_set, sort_weight, creator, date_created, uuid) VALUES (607, 758, 399, 5, 8, '2016-09-24 10:33:58', '38d6af87-db6d-4774-a29e-9e24b0058ada');
INSERT INTO concept_set (concept_set_id, concept_id, concept_set, sort_weight, creator, date_created, uuid) VALUES (2042, 758, 406, 21, 8, '2018-03-20 07:59:18', '6f722846-bf82-413f-97d4-1aa4e682eef4');

INSERT INTO concept_name (concept_name_id, concept_id, name, locale, locale_preferred, creator, date_created, concept_name_type, voided, voided_by, date_voided, void_reason, uuid, date_changed, changed_by) VALUES (185, 88, 'All Observation templates', 'en', 0, 1, '2016-03-07 12:10:34', 'SHORT', 0, null, null, null, '7eb843b4-e42f-11e5-8c3e-08002715d519', null, null);
INSERT INTO concept_name (concept_name_id, concept_id, name, locale, locale_preferred, creator, date_created, concept_name_type, voided, voided_by, date_voided, void_reason, uuid, date_changed, changed_by) VALUES (186, 88, 'All Observation Templates', 'en', 1, 1, '2016-03-07 12:10:34', 'FULLY_SPECIFIED', 0, null, null, null, '7eb8465f-e42f-11e5-8c3e-08002715d519', null, null);
INSERT INTO concept_name (concept_name_id, concept_id, name, locale, locale_preferred, creator, date_created, concept_name_type, voided, voided_by, date_voided, void_reason, uuid, date_changed, changed_by) VALUES (1206, 251, 'Specialty', 'en', 0, 8, '2016-09-02 10:21:01', 'SHORT', 0, null, null, null, 'bff99586-81e6-4d19-aa8b-4272ff392301', null, null);
INSERT INTO concept_name (concept_name_id, concept_id, name, locale, locale_preferred, creator, date_created, concept_name_type, voided, voided_by, date_voided, void_reason, uuid, date_changed, changed_by) VALUES (1270, 251, 'FSTG, Specialty determined by MLO', 'en', 1, 8, '2016-09-09 05:58:53', 'FULLY_SPECIFIED', 0, null, null, null, 'c1b15efb-0a04-4c78-8a0a-1e5bd1062172', null, null);
INSERT INTO concept_name (concept_name_id, concept_id, name, locale, locale_preferred, creator, date_created, concept_name_type, voided, voided_by, date_voided, void_reason, uuid, date_changed, changed_by) VALUES (1168, 397, 'First Stage Validation', 'en', 1, 8, '2016-08-31 04:34:05', 'FULLY_SPECIFIED', 0, null, null, null, '3ede14e2-f25f-4463-8c95-252e64b0bc79', null, null);
INSERT INTO concept_name (concept_name_id, concept_id, name, locale, locale_preferred, creator, date_created, concept_name_type, voided, voided_by, date_voided, void_reason, uuid, date_changed, changed_by) VALUES (1169, 397, 'First Stage Validation', 'en', 0, 8, '2016-08-31 04:35:57', 'SHORT', 0, null, null, null, '36e433c4-9633-4823-8d72-625a51fb023a', null, null);
INSERT INTO concept_name (concept_name_id, concept_id, name, locale, locale_preferred, creator, date_created, concept_name_type, voided, voided_by, date_voided, void_reason, uuid, date_changed, changed_by) VALUES (657, 399, 'Medical Files', 'en', 0, 8, '2016-08-17 09:36:06', 'SHORT', 0, null, null, null, 'a67c5e5d-a5ac-4c4c-a06c-46026281a4ae', null, null);
INSERT INTO concept_name (concept_name_id, concept_id, name, locale, locale_preferred, creator, date_created, concept_name_type, voided, voided_by, date_voided, void_reason, uuid, date_changed, changed_by) VALUES (1267, 399, 'FSTG, Medical Files', 'en', 1, 8, '2016-09-09 05:58:04', 'FULLY_SPECIFIED', 0, null, null, null, 'fe734c82-5ea0-4368-b0c3-53b452066680', null, null);
INSERT INTO concept_name (concept_name_id, concept_id, name, locale, locale_preferred, creator, date_created, concept_name_type, voided, voided_by, date_voided, void_reason, uuid, date_changed, changed_by) VALUES (509, 347, 'Orthopedic', 'en', 1, 8, '2016-08-11 15:29:03', 'FULLY_SPECIFIED', 0, null, null, null, '785c2071-eca2-4528-ad7b-e985c6d0c493', null, null);
INSERT INTO concept_name (concept_name_id, concept_id, name, locale, locale_preferred, creator, date_created, concept_name_type, voided, voided_by, date_voided, void_reason, uuid, date_changed, changed_by) VALUES (510, 348, 'Plastic', 'en', 1, 8, '2016-08-11 15:29:03', 'FULLY_SPECIFIED', 0, null, null, null, '3dbca9df-7bed-4c47-b5d6-c3295412c20f', null, null);
INSERT INTO concept_name (concept_name_id, concept_id, name, locale, locale_preferred, creator, date_created, concept_name_type, voided, voided_by, date_voided, void_reason, uuid, date_changed, changed_by) VALUES (1429, 349, 'Maxillofacial', 'en', 0, 8, '2016-10-03 06:55:12', 'SHORT', 0, null, null, null, 'e9a27bf6-d1de-4727-b56d-27524e6b70e3', null, null);
INSERT INTO concept_name (concept_name_id, concept_id, name, locale, locale_preferred, creator, date_created, concept_name_type, voided, voided_by, date_voided, void_reason, uuid, date_changed, changed_by) VALUES (1430, 349, 'Maxillofacial', 'en', 1, 8, '2016-10-03 06:55:12', 'FULLY_SPECIFIED', 0, null, null, null, '55eef153-f1e2-4b76-ae03-7b0ffc2a9334', null, null);
INSERT INTO concept_name (concept_name_id, concept_id, name, locale, locale_preferred, creator, date_created, concept_name_type, voided, voided_by, date_voided, void_reason, uuid, date_changed, changed_by) VALUES (663, 406, 'Follow-up Validation', 'en', 0, 8, '2016-08-17 09:38:07', 'SHORT', 0, null, null, null, 'f63707a8-1ff9-4bed-95ac-540d91ab3402', null, null);
INSERT INTO concept_name (concept_name_id, concept_id, name, locale, locale_preferred, creator, date_created, concept_name_type, voided, voided_by, date_voided, void_reason, uuid, date_changed, changed_by) VALUES (1187, 406, 'Follow-up validation', 'en', 1, 8, '2016-08-31 04:49:41', 'FULLY_SPECIFIED', 0, null, null, null, '07e18717-8283-4106-9eda-90e81d941db9', null, null);
INSERT INTO concept_name (concept_name_id, concept_id, name, locale, locale_preferred, creator, date_created, concept_name_type, voided, voided_by, date_voided, void_reason, uuid, date_changed, changed_by) VALUES (1189, 758, 'Stage', 'en', 0, 8, '2016-08-31 04:53:09', 'SHORT', 0, null, null, null, 'cfe57562-64ed-410c-86f2-a9d338d8f751', null, null);
INSERT INTO concept_name (concept_name_id, concept_id, name, locale, locale_preferred, creator, date_created, concept_name_type, voided, voided_by, date_voided, void_reason, uuid, date_changed, changed_by) VALUES (1405, 758, 'Stage', 'en', 1, 8, '2016-09-29 11:47:11', 'FULLY_SPECIFIED', 0, null, null, null, '48687b79-b4c1-4a3f-a895-c1c6880e1ca6', null, null);


INSERT INTO person_attribute_type (name, description, format, foreign_key, searchable, creator, date_created, changed_by, date_changed, retired, retired_by, date_retired, retire_reason, edit_privilege, sort_weight, uuid) VALUES ('givenNameLocal', 'Name in Arabic', 'java.lang.String', null, 0, 1, '2016-03-07 17:40:34', 8, '2016-09-06 06:54:40', 0, null, null, null, null, 3, '7e6db4ea-e42f-11e5-8c3e-08002715d519');
INSERT INTO person_attribute_type (name, description, format, foreign_key, searchable, creator, date_created, changed_by, date_changed, retired, retired_by, date_retired, retire_reason, edit_privilege, sort_weight, uuid) VALUES ('familyNameLocal', 'Family Name in Arabic', 'java.lang.String', null, 0, 1, '2016-03-07 17:40:34', 8, '2016-09-06 06:54:56', 0, null, null, null, null, 3, '7e6f78a4-e42f-11e5-8c3e-08002715d519');
INSERT INTO person_attribute_type (name, description, format, foreign_key, searchable, creator, date_created, changed_by, date_changed, retired, retired_by, date_retired, retire_reason, edit_privilege, sort_weight, uuid) VALUES ('middleNameLocal', 'Middle Name in Arabic', 'java.lang.String', null, 0, 1, '2016-03-07 17:40:34', 1, '2016-07-27 14:37:30', 0, null, null, null, null, 3, '7e709f5b-e42f-11e5-8c3e-08002715d519');
INSERT INTO person_attribute_type (name, description, format, foreign_key, searchable, creator, date_created, changed_by, date_changed, retired, retired_by, date_retired, retire_reason, edit_privilege, sort_weight, uuid) VALUES ('viber', 'Viber', 'java.lang.String', null, 0, 1, '2016-07-18 18:09:41', 8, '2016-08-22 06:36:27', 0, null, null, null, null, 15, '5fa07944-a01b-4b0a-9685-dd872f5b7264');
INSERT INTO person_attribute_type (name, description, format, foreign_key, searchable, creator, date_created, changed_by, date_changed, retired, retired_by, date_retired, retire_reason, edit_privilege, sort_weight, uuid) VALUES ('phoneNumber2', 'Phone Number 2', 'java.lang.String', null, 0, 1, '2016-07-18 18:08:21', 8, '2016-08-22 07:39:24', 0, null, null, null, null, 11, 'e7e02f6a-dd82-4dcf-a377-b7740cf87daa');


