INSERT INTO encounter_type (encounter_type_id, name, description, creator, date_created, retired, retired_by, date_retired, retire_reason, uuid, edit_privilege, view_privilege, changed_by, date_changed) VALUES (1, 'Consultation', 'Consultation encounter', 1, '2016-03-07 00:00:00', 0, null, null, null, '7e10b3cb-e42f-11e5-8c3e-08002715d519', null, null, null, null);
INSERT INTO encounter_type (encounter_type_id, name, description, creator, date_created, retired, retired_by, date_retired, retire_reason, uuid, edit_privilege, view_privilege, changed_by, date_changed) VALUES (2, 'REG', 'Registration encounter', 1, '2016-03-07 00:00:00', 0, null, null, null, '7e12169a-e42f-11e5-8c3e-08002715d519', null, null, null, null);
INSERT INTO encounter_type (encounter_type_id, name, description, creator, date_created, retired, retired_by, date_retired, retire_reason, uuid, edit_privilege, view_privilege, changed_by, date_changed) VALUES (3, 'ADMISSION', 'ADMISSION encounter', 1, '2016-03-07 00:00:00', 0, null, null, null, '7e30c184-e42f-11e5-8c3e-08002715d519', null, null, null, null);
INSERT INTO encounter_type (encounter_type_id, name, description, creator, date_created, retired, retired_by, date_retired, retire_reason, uuid, edit_privilege, view_privilege, changed_by, date_changed) VALUES (4, 'DISCHARGE', 'DISCHARGE encounter', 1, '2016-03-07 00:00:00', 0, null, null, null, '7e3380a4-e42f-11e5-8c3e-08002715d519', null, null, null, null);
INSERT INTO encounter_type (encounter_type_id, name, description, creator, date_created, retired, retired_by, date_retired, retire_reason, uuid, edit_privilege, view_privilege, changed_by, date_changed) VALUES (5, 'TRANSFER', 'TRANSFER encounter', 1, '2016-03-07 00:00:00', 0, null, null, null, '7e375624-e42f-11e5-8c3e-08002715d519', null, null, null, null);
INSERT INTO encounter_type (encounter_type_id, name, description, creator, date_created, retired, retired_by, date_retired, retire_reason, uuid, edit_privilege, view_privilege, changed_by, date_changed) VALUES (6, 'RADIOLOGY', 'RADIOLOGY encounter', 1, '2016-03-07 00:00:00', 0, null, null, null, '7e4696f2-e42f-11e5-8c3e-08002715d519', null, null, null, null);
INSERT INTO encounter_type (encounter_type_id, name, description, creator, date_created, retired, retired_by, date_retired, retire_reason, uuid, edit_privilege, view_privilege, changed_by, date_changed) VALUES (7, 'INVESTIGATION', 'Investigation encounter', 1, '2016-03-07 00:00:00', 0, null, null, null, '7e4c0b07-e42f-11e5-8c3e-08002715d519', null, null, null, null);
INSERT INTO encounter_type (encounter_type_id, name, description, creator, date_created, retired, retired_by, date_retired, retire_reason, uuid, edit_privilege, view_privilege, changed_by, date_changed) VALUES (8, 'LAB_RESULT', 'Lab Result encounter', 1, '2016-03-07 00:00:00', 0, null, null, null, '7e515ad0-e42f-11e5-8c3e-08002715d519', null, null, null, null);
INSERT INTO encounter_type (encounter_type_id, name, description, creator, date_created, retired, retired_by, date_retired, retire_reason, uuid, edit_privilege, view_privilege, changed_by, date_changed) VALUES (9, 'Patient Document', 'Patient Document Encounter Type', 1, '2016-03-07 00:00:00', 0, null, null, null, '7e71dc7a-e42f-11e5-8c3e-08002715d519', null, null, null, null);
INSERT INTO encounter_type (encounter_type_id, name, description, creator, date_created, retired, retired_by, date_retired, retire_reason, uuid, edit_privilege, view_privilege, changed_by, date_changed) VALUES (10, 'VALIDATION NOTES', 'Validation Notes encounter', 1, '2016-03-07 00:00:00', 0, null, null, null, '7e79c35b-e42f-11e5-8c3e-08002715d519', null, null, null, null);
INSERT INTO encounter_type (encounter_type_id, name, description, creator, date_created, retired, retired_by, date_retired, retire_reason, uuid, edit_privilege, view_privilege, changed_by, date_changed) VALUES (11, 'Identification', 'Identification encounter', 8, '2016-08-29 08:45:55', 0, null, null, null, '7e10abc8-5881-4c7e-a482-ae219c0095e6', null, null, null, null);

INSERT INTO concept_class (concept_class_id, name, description, creator, date_created, retired, retired_by, date_retired, retire_reason, uuid, date_changed, changed_by) VALUES (1, 'Test', 'Acq. during patient encounter (vitals, labs, etc.)', 1, '2004-02-02 00:00:00', 0, null, null, null, '8d4907b2-c2cc-11de-8d13-0010c6dffd0f', null, null);
INSERT INTO concept_class (concept_class_id, name, description, creator, date_created, retired, retired_by, date_retired, retire_reason, uuid, date_changed, changed_by) VALUES (2, 'Procedure', 'Describes a clinical procedure', 1, '2004-03-02 00:00:00', 0, null, null, null, '8d490bf4-c2cc-11de-8d13-0010c6dffd0f', null, null);
INSERT INTO concept_class (concept_class_id, name, description, creator, date_created, retired, retired_by, date_retired, retire_reason, uuid, date_changed, changed_by) VALUES (3, 'Drug', 'Drug', 1, '2004-02-02 00:00:00', 0, null, null, null, '8d490dfc-c2cc-11de-8d13-0010c6dffd0f', null, null);
INSERT INTO concept_class (concept_class_id, name, description, creator, date_created, retired, retired_by, date_retired, retire_reason, uuid, date_changed, changed_by) VALUES (4, 'Diagnosis', 'Conclusion drawn through findings', 1, '2004-02-02 00:00:00', 0, null, null, null, '8d4918b0-c2cc-11de-8d13-0010c6dffd0f', null, null);
INSERT INTO concept_class (concept_class_id, name, description, creator, date_created, retired, retired_by, date_retired, retire_reason, uuid, date_changed, changed_by) VALUES (5, 'Finding', 'Practitioner observation/finding', 1, '2004-03-02 00:00:00', 0, null, null, null, '8d491a9a-c2cc-11de-8d13-0010c6dffd0f', null, null);
INSERT INTO concept_class (concept_class_id, name, description, creator, date_created, retired, retired_by, date_retired, retire_reason, uuid, date_changed, changed_by) VALUES (6, 'Anatomy', 'Anatomic sites / descriptors', 1, '2004-03-02 00:00:00', 0, null, null, null, '8d491c7a-c2cc-11de-8d13-0010c6dffd0f', null, null);
INSERT INTO concept_class (concept_class_id, name, description, creator, date_created, retired, retired_by, date_retired, retire_reason, uuid, date_changed, changed_by) VALUES (7, 'Question', 'Question (eg, patient history, SF36 items)', 1, '2004-03-02 00:00:00', 0, null, null, null, '8d491e50-c2cc-11de-8d13-0010c6dffd0f', null, null);
INSERT INTO concept_class (concept_class_id, name, description, creator, date_created, retired, retired_by, date_retired, retire_reason, uuid, date_changed, changed_by) VALUES (8, 'LabSet', 'Panels', 1, '2004-03-02 00:00:00', 0, null, null, null, '8d492026-c2cc-11de-8d13-0010c6dffd0f', null, null);
INSERT INTO concept_class (concept_class_id, name, description, creator, date_created, retired, retired_by, date_retired, retire_reason, uuid, date_changed, changed_by) VALUES (9, 'MedSet', 'Term to describe medication sets', 1, '2004-02-02 00:00:00', 0, null, null, null, '8d4923b4-c2cc-11de-8d13-0010c6dffd0f', null, null);
INSERT INTO concept_class (concept_class_id, name, description, creator, date_created, retired, retired_by, date_retired, retire_reason, uuid, date_changed, changed_by) VALUES (10, 'ConvSet', 'Term to describe convenience sets', 1, '2004-03-02 00:00:00', 0, null, null, null, '8d492594-c2cc-11de-8d13-0010c6dffd0f', null, null);
INSERT INTO concept_class (concept_class_id, name, description, creator, date_created, retired, retired_by, date_retired, retire_reason, uuid, date_changed, changed_by) VALUES (11, 'Misc', 'Terms which don''t fit other categories', 1, '2004-03-02 05:30:00', 0, null, null, null, '8d492774-c2cc-11de-8d13-0010c6dffd0f', null, null);

INSERT INTO concept_datatype (concept_datatype_id, name, hl7_abbreviation, description, creator, date_created, retired, retired_by, date_retired, retire_reason, uuid) VALUES (1, 'Numeric', 'NM', 'Numeric value, including integer or float (e.g., creatinine, weight)', 1, '2004-02-02 00:00:00', 0, null, null, null, '8d4a4488-c2cc-11de-8d13-0010c6dffd0f');
INSERT INTO concept_datatype (concept_datatype_id, name, hl7_abbreviation, description, creator, date_created, retired, retired_by, date_retired, retire_reason, uuid) VALUES (2, 'Coded', 'CWE', 'Value determined by term dictionary lookup (i.e., term identifier)', 1, '2004-02-02 00:00:00', 0, null, null, null, '8d4a48b6-c2cc-11de-8d13-0010c6dffd0f');
INSERT INTO concept_datatype (concept_datatype_id, name, hl7_abbreviation, description, creator, date_created, retired, retired_by, date_retired, retire_reason, uuid) VALUES (3, 'Text', 'ST', 'Free text', 1, '2004-02-02 00:00:00', 0, null, null, null, '8d4a4ab4-c2cc-11de-8d13-0010c6dffd0f');
INSERT INTO concept_datatype (concept_datatype_id, name, hl7_abbreviation, description, creator, date_created, retired, retired_by, date_retired, retire_reason, uuid) VALUES (4, 'N/A', 'ZZ', 'Not associated with a datatype (e.g., term answers, sets)', 1, '2004-02-02 00:00:00', 0, null, null, null, '8d4a4c94-c2cc-11de-8d13-0010c6dffd0f');
INSERT INTO concept_datatype (concept_datatype_id, name, hl7_abbreviation, description, creator, date_created, retired, retired_by, date_retired, retire_reason, uuid) VALUES (5, 'Document', 'RP', 'Pointer to a binary or text-based document (e.g., clinical document, RTF, XML, EKG, image, etc.) stored in complex_obs table', 1, '2004-04-15 00:00:00', 0, null, null, null, '8d4a4e74-c2cc-11de-8d13-0010c6dffd0f');
INSERT INTO concept_datatype (concept_datatype_id, name, hl7_abbreviation, description, creator, date_created, retired, retired_by, date_retired, retire_reason, uuid) VALUES (6, 'Date', 'DT', 'Absolute date', 1, '2004-07-22 00:00:00', 0, null, null, null, '8d4a505e-c2cc-11de-8d13-0010c6dffd0f');
INSERT INTO concept_datatype (concept_datatype_id, name, hl7_abbreviation, description, creator, date_created, retired, retired_by, date_retired, retire_reason, uuid) VALUES (7, 'Time', 'TM', 'Absolute time of day', 1, '2004-07-22 00:00:00', 0, null, null, null, '8d4a591e-c2cc-11de-8d13-0010c6dffd0f');
INSERT INTO concept_datatype (concept_datatype_id, name, hl7_abbreviation, description, creator, date_created, retired, retired_by, date_retired, retire_reason, uuid) VALUES (8, 'Datetime', 'TS', 'Absolute date and time', 1, '2004-07-22 00:00:00', 0, null, null, null, '8d4a5af4-c2cc-11de-8d13-0010c6dffd0f');
INSERT INTO concept_datatype (concept_datatype_id, name, hl7_abbreviation, description, creator, date_created, retired, retired_by, date_retired, retire_reason, uuid) VALUES (10, 'Boolean', 'BIT', 'Boolean value (yes/no, true/false)', 1, '2004-08-26 00:00:00', 0, null, null, null, '8d4a5cca-c2cc-11de-8d13-0010c6dffd0f');
INSERT INTO concept_datatype (concept_datatype_id, name, hl7_abbreviation, description, creator, date_created, retired, retired_by, date_retired, retire_reason, uuid) VALUES (11, 'Rule', 'ZZ', 'Value derived from other data', 1, '2006-09-11 00:00:00', 0, null, null, null, '8d4a5e96-c2cc-11de-8d13-0010c6dffd0f');
INSERT INTO concept_datatype (concept_datatype_id, name, hl7_abbreviation, description, creator, date_created, retired, retired_by, date_retired, retire_reason, uuid) VALUES (12, 'Structured Numeric', 'SN', 'Complex numeric values possible (ie, <5, 1-10, etc.)', 1, '2005-08-06 00:00:00', 0, null, null, null, '8d4a606c-c2cc-11de-8d13-0010c6dffd0f');
INSERT INTO concept_datatype (concept_datatype_id, name, hl7_abbreviation, description, creator, date_created, retired, retired_by, date_retired, retire_reason, uuid) VALUES (13, 'Complex', 'ED', 'Complex value.  Analogous to HL7 Embedded Datatype', 1, '2008-05-28 12:25:34', 0, null, null, null, '8d4a6242-c2cc-11de-8d13-0010c6dffd0f');


INSERT INTO concept (concept_id, retired, short_name, description, form_text, datatype_id, class_id, is_set, creator, date_created, version, changed_by, date_changed, retired_by, date_retired, retire_reason, uuid) VALUES (88, 0, null, null, null, 4, 10, 1, 1, '2016-03-07 12:10:34', null, 8, '2016-09-08 10:08:08', null, null, null, '7eb83ffc-e42f-11e5-8c3e-08002715d519');
INSERT INTO concept (concept_id, retired, short_name, description, form_text, datatype_id, class_id, is_set, creator, date_created, version, changed_by, date_changed, retired_by, date_retired, retire_reason, uuid) VALUES (251, 0, null, null, null, 2, 11, 0, 8, '2016-08-11 14:56:45', null, 8, '2016-10-03 06:50:38', null, null, null, '2b9d75f6-718a-4000-9ca0-bf62bab0596d');
INSERT INTO concept (concept_id, retired, short_name, description, form_text, datatype_id, class_id, is_set, creator, date_created, version, changed_by, date_changed, retired_by, date_retired, retire_reason, uuid) VALUES (397, 0, null, null, null, 4, 11, 1, 8, '2016-08-11 17:14:05', null, 8, '2016-09-08 10:31:56', null, null, null, '6fecaafc-88ea-4a81-81ae-8bf24f179545');
INSERT INTO concept (concept_id, retired, short_name, description, form_text, datatype_id, class_id, is_set, creator, date_created, version, changed_by, date_changed, retired_by, date_retired, retire_reason, uuid) VALUES (399, 0, null, null, null, 4, 1, 1, 8, '2016-08-11 17:45:22', null, 8, '2016-09-24 10:33:58', null, null, null, '51644ad0-b262-4bfd-8f98-3582922ed12d');
INSERT INTO concept (concept_id, retired, short_name, description, form_text, datatype_id, class_id, is_set, creator, date_created, version, changed_by, date_changed, retired_by, date_retired, retire_reason, uuid) VALUES (347, 0, null, null, null, 4, 11, 0, 8, '2016-08-11 15:29:03', null, 8, '2016-08-17 06:56:41', null, null, null, '33958c18-702d-4a44-a4bf-f22b6b563012');
INSERT INTO concept (concept_id, retired, short_name, description, form_text, datatype_id, class_id, is_set, creator, date_created, version, changed_by, date_changed, retired_by, date_retired, retire_reason, uuid) VALUES (348, 0, null, null, null, 4, 11, 0, 8, '2016-08-11 15:29:03', null, 8, '2016-08-17 06:56:41', null, null, null, 'fda37bc6-71ba-42e3-b5da-9f98acc7feda');
INSERT INTO concept (concept_id, retired, short_name, description, form_text, datatype_id, class_id, is_set, creator, date_created, version, changed_by, date_changed, retired_by, date_retired, retire_reason, uuid) VALUES (349, 0, null, null, null, 4, 11, 0, 8, '2016-08-11 15:29:03', null, 8, '2016-10-03 06:55:12', null, null, null, '26a1cec4-be01-4453-ba01-ec1e0d42e064');
INSERT INTO concept (concept_id, retired, short_name, description, form_text, datatype_id, class_id, is_set, creator, date_created, version, changed_by, date_changed, retired_by, date_retired, retire_reason, uuid) VALUES (406, 0, null, null, null, 4, 11, 1, 8, '2016-08-12 13:15:36', null, 8, '2018-03-20 07:59:18', null, null, null, '0c19a365-495e-42c7-a9a0-34d42b31f397');
INSERT INTO concept (concept_id, retired, short_name, description, form_text, datatype_id, class_id, is_set, creator, date_created, version, changed_by, date_changed, retired_by, date_retired, retire_reason, uuid) VALUES (758, 0, null, null, null, 1, 11, 0, 8, '2016-08-31 04:53:09', null, 8, '2016-09-29 11:47:11', null, null, null, '7a642540-3fb6-4fca-94e7-879cb93f34d3');
INSERT INTO concept (concept_id, retired, short_name, description, form_text, datatype_id, class_id, is_set, creator, date_created, version, changed_by, date_changed, retired_by, date_retired, retire_reason, uuid) VALUES (134, 0, null, null, null, 4, 11, 1, 1, '2016-03-07 12:10:38', null, 1, '2016-03-07 12:10:38', null, null, null, '80d144a0-e42f-11e5-8c3e-08002715d519');
INSERT INTO concept (concept_id, retired, short_name, description, form_text, datatype_id, class_id, is_set, creator, date_created, version, changed_by, date_changed, retired_by, date_retired, retire_reason, uuid) VALUES (135, 0, null, null, null, 4, 11, 0, 1, '2016-03-07 12:10:38', null, 1, '2016-03-07 12:10:38', null, null, null, '80144a0-e42f-11e5-8c3e-08002715d519');
INSERT INTO concept (concept_id, retired, short_name, description, form_text, datatype_id, class_id, is_set, creator, date_created, version, changed_by, date_changed, retired_by, date_retired, retire_reason, uuid) VALUES (136, 0, null, null, null, 4, 11, 0, 1, '2016-03-07 12:10:38', null, 1, '2016-03-07 12:10:38', null, null, null, '8d144a0-e42f-11e5-8c3e-08002715d519');
INSERT INTO concept (concept_id, retired, short_name, description, form_text, datatype_id, class_id, is_set, creator, date_created, version, changed_by, date_changed, retired_by, date_retired, retire_reason, uuid) VALUES (137, 0, null, null, null, 4, 11, 0, 1, '2016-03-07 12:10:38', null, 1, '2016-03-07 12:10:38', null, null, null, '0d144a0-e42f-11e5-8c3e-08002715d519');
INSERT INTO concept (concept_id, retired, short_name, description, form_text, datatype_id, class_id, is_set, creator, date_created, version, changed_by, date_changed, retired_by, date_retired, retire_reason, uuid) VALUES (13, 0, null, null, null, 4, 10, 1, 1, '2014-09-18 14:18:05', null, 1, '2014-09-18 14:18:05', null, null, null, '81c5840e-3f10-11e4-adec-0800271c1b75');
INSERT INTO concept (concept_id, retired, short_name, description, form_text, datatype_id, class_id, is_set, creator, date_created, version, changed_by, date_changed, retired_by, date_retired, retire_reason, uuid) VALUES (15, 0, null, null, null, 2, 7, 0, 1, '2014-09-18 14:18:05', null, 1, '2014-09-18 14:18:05', null, null, null, '81c7149b-3f10-11e4-adec-0800271c1b75');
INSERT INTO concept (concept_id, retired, short_name, description, form_text, datatype_id, class_id, is_set, creator, date_created, version, changed_by, date_changed, retired_by, date_retired, retire_reason, uuid) VALUES (16, 0, null, null, null, 2, 7, 0, 1, '2014-09-18 14:18:05', null, 1, '2014-09-18 14:18:05', null, null, null, '81c7d52c-3f10-11e4-adec-0800271c1b75');
INSERT INTO concept (concept_id, retired, short_name, description, form_text, datatype_id, class_id, is_set, creator, date_created, version, changed_by, date_changed, retired_by, date_retired, retire_reason, uuid) VALUES (19, 0, null, null, null, 2, 7, 0, 1, '2014-09-18 14:18:05', null, 1, '2014-09-18 14:18:05', null, null, null, '81c9da5f-3f10-11e4-adec-0800271c1b75');
INSERT INTO concept (concept_id, retired, short_name, description, form_text, datatype_id, class_id, is_set, creator, date_created, version, changed_by, date_changed, retired_by, date_retired, retire_reason, uuid) VALUES (49, 0, null, null, null, 2, 11, 0, 1, '2014-09-18 14:18:06', null, 4, '2018-04-20 13:59:12', null, null, null, '82389c0c-3f10-11e4-adec-0800271c1b75');
INSERT INTO concept (concept_id, retired, short_name, description, form_text, datatype_id, class_id, is_set, creator, date_created, version, changed_by, date_changed, retired_by, date_retired, retire_reason, uuid) VALUES (50, 0, null, null, null, 3, 11, 0, 1, '2014-09-18 14:18:06', null, 4, '2018-04-20 13:58:42', null, null, null, '82397881-3f10-11e4-adec-0800271c1b75');
INSERT INTO concept (concept_id, retired, short_name, description, form_text, datatype_id, class_id, is_set, creator, date_created, version, changed_by, date_changed, retired_by, date_retired, retire_reason, uuid) VALUES (51, 0, null, null, null, 10, 11, 0, 1, '2014-09-18 14:18:06', null, 4, '2018-04-20 13:58:59', null, null, null, '823a4d34-3f10-11e4-adec-0800271c1b75');
INSERT INTO concept (concept_id, retired, short_name, description, form_text, datatype_id, class_id, is_set, creator, date_created, version, changed_by, date_changed, retired_by, date_retired, retire_reason, uuid) VALUES (17, 0, null, null, null, 4, 11, 0, 1, '2014-09-18 14:18:05', null, 1, '2014-09-18 14:18:05', null, null, null, '81c88f93-3f10-11e4-adec-0800271c1b75');
INSERT INTO concept (concept_id, retired, short_name, description, form_text, datatype_id, class_id, is_set, creator, date_created, version, changed_by, date_changed, retired_by, date_retired, retire_reason, uuid) VALUES (18, 0, null, null, null, 4, 11, 0, 1, '2014-09-18 14:18:05', null, 1, '2014-09-18 14:18:05', null, null, null, '81c90d57-3f10-11e4-adec-0800271c1b75');
INSERT INTO concept (concept_id, retired, short_name, description, form_text, datatype_id, class_id, is_set, creator, date_created, version, changed_by, date_changed, retired_by, date_retired, retire_reason, uuid) VALUES (48, 0, null, null, null, 4, 11, 1, 1, '2014-09-18 14:18:06', null, 1, '2014-09-18 14:18:06', null, null, null, '823051c4-3f10-11e4-adec-0800271c1b75');
INSERT INTO concept (concept_id, retired, short_name, description, form_text, datatype_id, class_id, is_set, creator, date_created, version, changed_by, date_changed, retired_by, date_retired, retire_reason, uuid) VALUES (1, 0, '', '', null, 4, 11, 0, 1, '2014-09-18 14:17:15', null, null, null, null, null, null, '78763e68-104e-465d-8ce3-35f9edfb083d');
INSERT INTO concept (concept_id, retired, short_name, description, form_text, datatype_id, class_id, is_set, creator, date_created, version, changed_by, date_changed, retired_by, date_retired, retire_reason, uuid) VALUES (2, 0, '', '', null, 4, 11, 0, 1, '2014-09-18 14:17:15', null, null, null, null, null, null, 'f9f633a5-1544-4c44-9394-a7f746a12dff');
INSERT INTO concept (concept_id, retired, short_name, description, form_text, datatype_id, class_id, is_set, creator, date_created, version, changed_by, date_changed, retired_by, date_retired, retire_reason, uuid) VALUES (20, 0, null, null, null, 4, 11, 0, 1, '2014-09-18 14:18:05', null, 1, '2014-09-18 14:18:05', null, null, null, '81ca9451-3f10-11e4-adec-0800271c1b75');
INSERT INTO concept (concept_id, retired, short_name, description, form_text, datatype_id, class_id, is_set, creator, date_created, version, changed_by, date_changed, retired_by, date_retired, retire_reason, uuid) VALUES (21, 0, null, null, null, 4, 11, 0, 1, '2014-09-18 14:18:05', null, 1, '2014-09-18 14:18:05', null, null, null, '81cafebe-3f10-11e4-adec-0800271c1b75');
INSERT INTO concept (concept_id, retired, short_name, description, form_text, datatype_id, class_id, is_set, creator, date_created, version, changed_by, date_changed, retired_by, date_retired, retire_reason, uuid) VALUES (644, 0, null, null, null, 4, 4, 0, 1, '2014-10-07 16:57:24', null, 1, '2014-10-07 16:57:24', null, null, null, 'e92970af-4e14-11e4-8a57-0800271c1b75');
INSERT INTO concept (concept_id, retired, short_name, description, form_text, datatype_id, class_id, is_set, creator, date_created, version, changed_by, date_changed, retired_by, date_retired, retire_reason, uuid) VALUES (828, 0, null, null, null, 4, 4, 0, 1, '2014-10-07 16:57:37', null, 1, '2014-10-07 16:57:37', null, null, null, 'f0d261d5-4e14-11e4-8a57-0800271c1b75');
INSERT INTO concept (concept_id, retired, short_name, description, form_text, datatype_id, class_id, is_set, creator, date_created, version, changed_by, date_changed, retired_by, date_retired, retire_reason, uuid) VALUES (518, 0, null, null, null, 4, 4, 0, 1, '2014-10-07 16:57:14', null, 1, '2014-10-07 16:57:14', null, null, null, 'e3088891-4e14-11e4-8a57-0800271c1b75');
INSERT INTO concept (concept_id, retired, short_name, description, form_text, datatype_id, class_id, is_set, creator, date_created, version, changed_by, date_changed, retired_by, date_retired, retire_reason, uuid) VALUES (14, 0, null, null, null, 3, 7, 0, 1, '2014-09-18 14:18:05', null, 1, '2014-09-18 14:18:05', null, null, null, '81c66271-3f10-11e4-adec-0800271c1b75');
INSERT INTO concept (concept_id, retired, short_name, description, form_text, datatype_id, class_id, is_set, creator, date_created, version, changed_by, date_changed, retired_by, date_retired, retire_reason, uuid) VALUES (151, 0, null, null, null, 3, 7, 1, 1, '2014-09-18 14:18:05', null, 1, '2014-09-18 14:18:05', null, null, null, '81c66271-fdd-fd4-ft54-0800271c1b75');
INSERT INTO concept (concept_id, retired, short_name, description, form_text, datatype_id, class_id, is_set, creator, date_created, version, changed_by, date_changed, retired_by, date_retired, retire_reason, uuid) VALUES (161, 0, null, null, null, 3, 7, 1, 1, '2014-09-18 14:18:05', null, 1, '2014-09-18 14:18:05', null, null, null, '81c66271-45t-grr5-gd5yh-0800271c1b75');
INSERT INTO concept (concept_id, retired, short_name, description, form_text, datatype_id, class_id, is_set, creator, date_created, version, changed_by, date_changed, retired_by, date_retired, retire_reason, uuid) VALUES (171, 0, null, null, null, 3, 7, 1, 1, '2014-09-18 14:18:05', null, 1, '2014-09-18 14:18:05', null, null, null, '81c66271-34f-fg4e-4tt5-0800271c1b75');
INSERT INTO concept (concept_id, retired, short_name, description, form_text, datatype_id, class_id, is_set, creator, date_created, version, changed_by, date_changed, retired_by, date_retired, retire_reason, uuid) VALUES (181, 0, null, null, null, 3, 7, 0, 1, '2014-09-18 14:18:05', null, 1, '2014-09-18 14:18:05', null, null, null, '81c66271-34f-fg4e-4tt5-456fg57');
INSERT INTO concept (concept_id, retired, short_name, description, form_text, datatype_id, class_id, is_set, creator, date_created, version, changed_by, date_changed, retired_by, date_retired, retire_reason, uuid) VALUES (191, 0, null, null, null, 3, 7, 0, 1, '2014-09-18 14:18:05', null, 1, '2014-09-18 14:18:05', null, null, null, '81c66271-34f-fg4e-4tt5-hk798dg');
INSERT INTO concept (concept_id, retired, short_name, description, form_text, datatype_id, class_id, is_set, creator, date_created, version, changed_by, date_changed, retired_by, date_retired, retire_reason, uuid) VALUES (201, 0, null, null, null, 3, 7, 0, 1, '2014-09-18 14:18:05', null, 1, '2014-09-18 14:18:05', null, null, null, '81c66271-34f-fg4e-4tt5-9879hkj3');

INSERT INTO concept_set (concept_set_id, concept_id, concept_set, sort_weight, creator, date_created, uuid) VALUES (581, 251, 399, 4, 8, '2016-09-08 10:30:49', '87c464e2-817f-46eb-b4d3-0bf5d0f4fbce');
INSERT INTO concept_set (concept_set_id, concept_id, concept_set, sort_weight, creator, date_created, uuid) VALUES (98, 397, 88, 1, 8, '2016-08-11 17:20:38', 'c9a08c0c-8fad-4789-aed2-42a1b18d2d03');
INSERT INTO concept_set (concept_set_id, concept_id, concept_set, sort_weight, creator, date_created, uuid) VALUES (584, 399, 397, 0, 8, '2016-09-08 10:31:56', 'e17cadcc-10c1-4332-9554-cb3411c05655');
INSERT INTO concept_set (concept_set_id, concept_id, concept_set, sort_weight, creator, date_created, uuid) VALUES (560, 406, 88, 2, 8, '2016-08-31 04:32:40', '02a41a73-7f6c-465f-9555-452b72922563');
INSERT INTO concept_set (concept_set_id, concept_id, concept_set, sort_weight, creator, date_created, uuid) VALUES (607, 758, 399, 5, 8, '2016-09-24 10:33:58', '38d6af87-db6d-4774-a29e-9e24b0058ada');
INSERT INTO concept_set (concept_set_id, concept_id, concept_set, sort_weight, creator, date_created, uuid) VALUES (2042, 758, 406, 21, 8, '2018-03-20 07:59:18', '6f722846-bf82-413f-97d4-1aa4e682eef4');
INSERT INTO concept_set (concept_set_id, concept_id, concept_set, sort_weight, creator, date_created, uuid) VALUES (214, 135, 134, 1, 1, '2016-03-07 12:10:38', '80d1e093-e42f-11e5-8c3e-08002715d519');
INSERT INTO concept_set (concept_set_id, concept_id, concept_set, sort_weight, creator, date_created, uuid) VALUES (215, 136, 134, 2, 1, '2016-03-07 12:10:38', '80d2720e-e42f-11e5-8c3e-08002715d519');
INSERT INTO concept_set (concept_set_id, concept_id, concept_set, sort_weight, creator, date_created, uuid) VALUES (216, 137, 134, 3, 1, '2016-03-07 12:10:38', '80d305e9-e42f-11e5-8c3e-08002715d519');
INSERT INTO concept_set (concept_set_id, concept_id, concept_set, sort_weight, creator, date_created, uuid) VALUES (1, 14, 13, 1, 1, '2014-09-18 14:18:05', '81c6f356-3f10-11e4-adec-0800271c1b75');
INSERT INTO concept_set (concept_set_id, concept_id, concept_set, sort_weight, creator, date_created, uuid) VALUES (2, 15, 13, 1, 1, '2014-09-18 14:18:05', '81c7b2a7-3f10-11e4-adec-0800271c1b75');
INSERT INTO concept_set (concept_set_id, concept_id, concept_set, sort_weight, creator, date_created, uuid) VALUES (3, 16, 13, 1, 1, '2014-09-18 14:18:05', '81c85f62-3f10-11e4-adec-0800271c1b75');
INSERT INTO concept_set (concept_set_id, concept_id, concept_set, sort_weight, creator, date_created, uuid) VALUES (4, 19, 13, 1, 1, '2014-09-18 14:18:05', '81ca509d-3f10-11e4-adec-0800271c1b75');
INSERT INTO concept_set (concept_set_id, concept_id, concept_set, sort_weight, creator, date_created, uuid) VALUES (2966, 50, 13, 1, 1, '2015-10-08 15:16:23', '6f7682ba-6da1-11e5-b2eb-080027b662ec');
INSERT INTO concept_set (concept_set_id, concept_id, concept_set, sort_weight, creator, date_created, uuid) VALUES (2967, 51, 13, 1, 1, '2015-10-08 15:16:23', '6f76a98d-6da1-11e5-b2eb-080027b662ec');
INSERT INTO concept_set (concept_set_id, concept_id, concept_set, sort_weight, creator, date_created, uuid) VALUES (2968, 49, 13, 1, 1, '2015-10-08 15:16:23', '6f76d085-6da1-11e5-b2eb-080027b662ec');
INSERT INTO concept_set (concept_set_id, concept_id, concept_set, sort_weight, creator, date_created, uuid) VALUES (2969, 181, 151, 1, 1, '2015-10-08 15:16:23', '6f78uh7-6da1-11e5-b2eb-080027b662ec');
INSERT INTO concept_set (concept_set_id, concept_id, concept_set, sort_weight, creator, date_created, uuid) VALUES (2970, 191, 161, 1, 1, '2015-10-08 15:16:23', '6f76d085-6da1-11e5-b2eb-h7jt7b662ec');
INSERT INTO concept_set (concept_set_id, concept_id, concept_set, sort_weight, creator, date_created, uuid) VALUES (2971, 201, 171, 1, 1, '2015-10-08 15:16:23', '6f76d085-6da1-11e5-b2eb-8jd6b662ec');


INSERT INTO concept_name (concept_name_id, concept_id, name, locale, locale_preferred, creator, date_created, concept_name_type, voided, voided_by, date_voided, void_reason, uuid, date_changed, changed_by) VALUES (185, 88, 'All Observation templates', 'en', 0, 1, '2016-03-07 12:10:34', 'SHORT', 0, null, null, null, '7eb843b4-e42f-11e5-8c3e-08002715d519', null, null);
INSERT INTO concept_name (concept_name_id, concept_id, name, locale, locale_preferred, creator, date_created, concept_name_type, voided, voided_by, date_voided, void_reason, uuid, date_changed, changed_by) VALUES (186, 88, 'All Observation Templates', 'en', 1, 1, '2016-03-07 12:10:34', 'FULLY_SPECIFIED', 0, null, null, null, '7eb8465f-e42f-11e5-8c3e-08002715d519', null, null);
INSERT INTO concept_name (concept_name_id, concept_id, name, locale, locale_preferred, creator, date_created, concept_name_type, voided, voided_by, date_voided, void_reason, uuid, date_changed, changed_by) VALUES (1206, 251, 'Specialty', 'en', 0, 8, '2016-09-02 10:21:01', 'SHORT', 0, null, null, null, 'bff99586-81e6-4d19-aa8b-4272ff392301', null, null);
INSERT INTO concept_name (concept_name_id, concept_id, name, locale, locale_preferred, creator, date_created, concept_name_type, voided, voided_by, date_voided, void_reason, uuid, date_changed, changed_by) VALUES (1270, 251, 'FSTG, Specialty determined by MLO', 'en', 1, 8, '2016-09-09 05:58:53', 'FULLY_SPECIFIED', 0, null, null, null, 'c1b15efb-0a04-4c78-8a0a-1e5bd1062172', null, null);
INSERT INTO concept_name (concept_name_id, concept_id, name, locale, locale_preferred, creator, date_created, concept_name_type, voided, voided_by, date_voided, void_reason, uuid, date_changed, changed_by) VALUES (1168, 397, 'First Stage Validation', 'en', 1, 8, '2016-08-31 04:34:05', 'FULLY_SPECIFIED', 0, null, null, null, '3ede14e2-f25f-4463-8c95-252e64b0bc79', null, null);
INSERT INTO concept_name (concept_name_id, concept_id, name, locale, locale_preferred, creator, date_created, concept_name_type, voided, voided_by, date_voided, void_reason, uuid, date_changed, changed_by) VALUES (1169, 397, 'First Stage Validation', 'en', 0, 8, '2016-08-31 04:35:57', 'SHORT', 0, null, null, null, '36e433c4-9633-4823-8d72-625a51fb023a', null, null);
INSERT INTO concept_name (concept_name_id, concept_id, name, locale, locale_preferred, creator, date_created, concept_name_type, voided, voided_by, date_voided, void_reason, uuid, date_changed, changed_by) VALUES (657, 399, 'Medical Files', 'en', 0, 8, '2016-08-17 09:36:06', 'SHORT', 0, null, null, null, 'a67c5e5d-a5ac-4c4c-a06c-46026281a4ae', null, null);
INSERT INTO concept_name (concept_name_id, concept_id, name, locale, locale_preferred, creator, date_created, concept_name_type, voided, voided_by, date_voided, void_reason, uuid, date_changed, changed_by) VALUES (1267, 399, 'FSTG, Medical Files', 'en', 1, 8, '2016-09-09 05:58:04', 'FULLY_SPECIFIED', 0, null, null, null, 'fe734c82-5ea0-4368-b0c3-53b452066680', null, null);
INSERT INTO concept_name (concept_name_id, concept_id, name, locale, locale_preferred, creator, date_created, concept_name_type, voided, voided_by, date_voided, void_reason, uuid, date_changed, changed_by) VALUES (509, 347, 'Orthopedic', 'en', 1, 8, '2016-08-11 15:29:03', 'FULLY_SPECIFIED', 0, null, null, null, '785c2071-eca2-4528-ad7b-e985c6d0c493', null, null);
INSERT INTO concept_name (concept_name_id, concept_id, name, locale, locale_preferred, creator, date_created, concept_name_type, voided, voided_by, date_voided, void_reason, uuid, date_changed, changed_by) VALUES (510, 348, 'Plastic', 'en', 1, 8, '2016-08-11 15:29:03', 'FULLY_SPECIFIED', 0, null, null, null, '3dbca9df-7bed-4c47-b5d6-c3295412c20f', null, null);
INSERT INTO concept_name (concept_name_id, concept_id, name, locale, locale_preferred, creator, date_created, concept_name_type, voided, voided_by, date_voided, void_reason, uuid, date_changed, changed_by) VALUES (1429, 349, 'Maxillofacial', 'en', 0, 8, '2016-10-03 06:55:12', 'SHORT', 0, null, null, null, 'e9a27bf6-d1de-4727-b56d-27524e6b70e3', null, null);
INSERT INTO concept_name (concept_name_id, concept_id, name, locale, locale_preferred, creator, date_created, concept_name_type, voided, voided_by, date_voided, void_reason, uuid, date_changed, changed_by) VALUES (1430, 349, 'Maxillofacial', 'en', 1, 8, '2016-10-03 06:55:12', 'FULLY_SPECIFIED', 0, null, null, null, '55eef153-f1e2-4b76-ae03-7b0ffc2a9334', null, null);
INSERT INTO concept_name (concept_name_id, concept_id, name, locale, locale_preferred, creator, date_created, concept_name_type, voided, voided_by, date_voided, void_reason, uuid, date_changed, changed_by) VALUES (663, 406, 'Follow-up Validation', 'en', 0, 8, '2016-08-17 09:38:07', 'SHORT', 0, null, null, null, 'f63707a8-1ff9-4bed-95ac-540d91ab3402', null, null);
INSERT INTO concept_name (concept_name_id, concept_id, name, locale, locale_preferred, creator, date_created, concept_name_type, voided, voided_by, date_voided, void_reason, uuid, date_changed, changed_by) VALUES (1187, 406, 'Follow-up validation', 'en', 1, 8, '2016-08-31 04:49:41', 'FULLY_SPECIFIED', 0, null, null, null, '07e18717-8283-4106-9eda-90e81d941db9', null, null);
INSERT INTO concept_name (concept_name_id, concept_id, name, locale, locale_preferred, creator, date_created, concept_name_type, voided, voided_by, date_voided, void_reason, uuid, date_changed, changed_by) VALUES (1189, 758, 'Stage', 'en', 0, 8, '2016-08-31 04:53:09', 'SHORT', 0, null, null, null, 'cfe57562-64ed-410c-86f2-a9d338d8f751', null, null);
INSERT INTO concept_name (concept_name_id, concept_id, name, locale, locale_preferred, creator, date_created, concept_name_type, voided, voided_by, date_voided, void_reason, uuid, date_changed, changed_by) VALUES (1405, 758, 'Stage', 'en', 1, 8, '2016-09-29 11:47:11', 'FULLY_SPECIFIED', 0, null, null, null, '48687b79-b4c1-4a3f-a895-c1c6880e1ca6', null, null);
INSERT INTO concept_name (concept_name_id,concept_id, name, locale, locale_preferred, creator, date_created, concept_name_type, voided, voided_by, date_voided, void_reason, uuid, date_changed, changed_by) VALUES (214, 134, 'Bacteriology Concept Set', 'en', 1, 1, '2016-03-07 12:10:38', 'FULLY_SPECIFIED', 0, null, null, null, '80d14c70-e42f-11e5-8c3e-08002715d519', null, null);
INSERT INTO concept_name (concept_name_id,concept_id, name, locale, locale_preferred, creator, date_created, concept_name_type, voided, voided_by, date_voided, void_reason, uuid, date_changed, changed_by) VALUES (215, 135, 'Specimen Collection Date', 'en', 1, 1, '2016-03-07 12:10:38', 'FULLY_SPECIFIED', 0, null, null, null, '80d1c8de-e42f-11e5-8c3e-08002715d519', null, null);
INSERT INTO concept_name (concept_name_id,concept_id, name, locale, locale_preferred, creator, date_created, concept_name_type, voided, voided_by, date_voided, void_reason, uuid, date_changed, changed_by) VALUES (216, 136, 'Specimen Sample Source', 'en', 1, 1, '2016-03-07 12:10:38', 'FULLY_SPECIFIED', 0, null, null, null, '80d263b0-e42f-11e5-8c3e-08002715d519', null, null);
INSERT INTO concept_name (concept_name_id,concept_id, name, locale, locale_preferred, creator, date_created, concept_name_type, voided, voided_by, date_voided, void_reason, uuid, date_changed, changed_by) VALUES (217, 137, 'Specimen Id', 'en', 1, 1, '2016-03-07 12:10:38', 'FULLY_SPECIFIED', 0, null, null, null, '80d2eca5-e42f-11e5-8c3e-08002715d519', null, null);
INSERT INTO concept_name (concept_name_id, concept_id, name, locale, locale_preferred, creator, date_created, concept_name_type, voided, voided_by, date_voided, void_reason, uuid, date_changed, changed_by) VALUES (40, 13, 'Visit Diagnoses', 'en', 0, 1, '2014-09-18 14:18:05', 'SHORT', 0, null, null, null, '81c588d1-3f10-11e4-adec-0800271c1b75', null, null);
INSERT INTO concept_name (concept_name_id, concept_id, name, locale, locale_preferred, creator, date_created, concept_name_type, voided, voided_by, date_voided, void_reason, uuid, date_changed, changed_by) VALUES (41, 13, 'Visit Diagnoses', 'en', 1, 1, '2014-09-18 14:18:05', 'FULLY_SPECIFIED', 0, null, null, null, '81c58c07-3f10-11e4-adec-0800271c1b75', null, null);
INSERT INTO concept_name (concept_name_id, concept_id, name, locale, locale_preferred, creator, date_created, concept_name_type, voided, voided_by, date_voided, void_reason, uuid, date_changed, changed_by) VALUES (44, 15, 'Coded Diagnosis', 'en', 0, 1, '2014-09-18 14:18:05', 'SHORT', 0, null, null, null, '81c718be-3f10-11e4-adec-0800271c1b75', null, null);
INSERT INTO concept_name (concept_name_id, concept_id, name, locale, locale_preferred, creator, date_created, concept_name_type, voided, voided_by, date_voided, void_reason, uuid, date_changed, changed_by) VALUES (45, 15, 'Coded Diagnosis', 'en', 1, 1, '2014-09-18 14:18:05', 'FULLY_SPECIFIED', 0, null, null, null, '81c71cda-3f10-11e4-adec-0800271c1b75', null, null);
INSERT INTO concept_name (concept_name_id, concept_id, name, locale, locale_preferred, creator, date_created, concept_name_type, voided, voided_by, date_voided, void_reason, uuid, date_changed, changed_by) VALUES (46, 16, 'Diagnosis Certainty', 'en', 0, 1, '2014-09-18 14:18:05', 'SHORT', 0, null, null, null, '81c7d914-3f10-11e4-adec-0800271c1b75', null, null);
INSERT INTO concept_name (concept_name_id, concept_id, name, locale, locale_preferred, creator, date_created, concept_name_type, voided, voided_by, date_voided, void_reason, uuid, date_changed, changed_by) VALUES (47, 16, 'Diagnosis Certainty', 'en', 1, 1, '2014-09-18 14:18:05', 'FULLY_SPECIFIED', 0, null, null, null, '81c7dc41-3f10-11e4-adec-0800271c1b75', null, null);
INSERT INTO concept_name (concept_name_id, concept_id, name, locale, locale_preferred, creator, date_created, concept_name_type, voided, voided_by, date_voided, void_reason, uuid, date_changed, changed_by) VALUES (52, 19, 'Diagnosis order', 'en', 0, 1, '2014-09-18 14:18:05', 'SHORT', 0, null, null, null, '81c9de8d-3f10-11e4-adec-0800271c1b75', null, null);
INSERT INTO concept_name (concept_name_id, concept_id, name, locale, locale_preferred, creator, date_created, concept_name_type, voided, voided_by, date_voided, void_reason, uuid, date_changed, changed_by) VALUES (53, 19, 'Diagnosis order', 'en', 1, 1, '2014-09-18 14:18:05', 'FULLY_SPECIFIED', 0, null, null, null, '81c9e1bc-3f10-11e4-adec-0800271c1b75', null, null);
INSERT INTO concept_name (concept_name_id, concept_id, name, locale, locale_preferred, creator, date_created, concept_name_type, voided, voided_by, date_voided, void_reason, uuid, date_changed, changed_by) VALUES (107, 49, 'Bahmni Diagnosis Status', 'en', 0, 1, '2014-09-18 14:18:06', 'SHORT', 0, null, null, null, '8238a0a2-3f10-11e4-adec-0800271c1b75', null, null);
INSERT INTO concept_name (concept_name_id, concept_id, name, locale, locale_preferred, creator, date_created, concept_name_type, voided, voided_by, date_voided, void_reason, uuid, date_changed, changed_by) VALUES (108, 49, 'Bahmni Diagnosis Status', 'en', 1, 1, '2014-09-18 14:18:06', 'FULLY_SPECIFIED', 0, null, null, null, '8238a5db-3f10-11e4-adec-0800271c1b75', null, null);
INSERT INTO concept_name (concept_name_id, concept_id, name, locale, locale_preferred, creator, date_created, concept_name_type, voided, voided_by, date_voided, void_reason, uuid, date_changed, changed_by) VALUES (109, 50, 'Bahmni Initial Diagnosis', 'en', 0, 1, '2014-09-18 14:18:06', 'SHORT', 0, null, null, null, '82397bf6-3f10-11e4-adec-0800271c1b75', null, null);
INSERT INTO concept_name (concept_name_id, concept_id, name, locale, locale_preferred, creator, date_created, concept_name_type, voided, voided_by, date_voided, void_reason, uuid, date_changed, changed_by) VALUES (110, 50, 'Bahmni Initial Diagnosis', 'en', 1, 1, '2014-09-18 14:18:06', 'FULLY_SPECIFIED', 0, null, null, null, '82397ecd-3f10-11e4-adec-0800271c1b75', null, null);
INSERT INTO concept_name (concept_name_id, concept_id, name, locale, locale_preferred, creator, date_created, concept_name_type, voided, voided_by, date_voided, void_reason, uuid, date_changed, changed_by) VALUES (111, 51, 'Bahmni Diagnosis Revised', 'en', 0, 1, '2014-09-18 14:18:06', 'SHORT', 0, null, null, null, '823a52b2-3f10-11e4-adec-0800271c1b75', null, null);
INSERT INTO concept_name (concept_name_id, concept_id, name, locale, locale_preferred, creator, date_created, concept_name_type, voided, voided_by, date_voided, void_reason, uuid, date_changed, changed_by) VALUES (112, 51, 'Bahmni Diagnosis Revised', 'en', 1, 1, '2014-09-18 14:18:06', 'FULLY_SPECIFIED', 0, null, null, null, '823a55b0-3f10-11e4-adec-0800271c1b75', null, null);
INSERT INTO concept_name (concept_name_id, concept_id, name, locale, locale_preferred, creator, date_created, concept_name_type, voided, voided_by, date_voided, void_reason, uuid, date_changed, changed_by) VALUES (48, 17, 'Presumed', 'en', 0, 1, '2014-09-18 14:18:05', 'SHORT', 0, null, null, null, '81c89455-3f10-11e4-adec-0800271c1b75', null, null);
INSERT INTO concept_name (concept_name_id, concept_id, name, locale, locale_preferred, creator, date_created, concept_name_type, voided, voided_by, date_voided, void_reason, uuid, date_changed, changed_by) VALUES (49, 17, 'Presumed', 'en', 1, 1, '2014-09-18 14:18:05', 'FULLY_SPECIFIED', 0, null, null, null, '81c898a9-3f10-11e4-adec-0800271c1b75', null, null);
INSERT INTO concept_name (concept_name_id, concept_id, name, locale, locale_preferred, creator, date_created, concept_name_type, voided, voided_by, date_voided, void_reason, uuid, date_changed, changed_by) VALUES (50, 18, 'Confirmed', 'en', 0, 1, '2014-09-18 14:18:05', 'SHORT', 0, null, null, null, '81c91112-3f10-11e4-adec-0800271c1b75', null, null);
INSERT INTO concept_name (concept_name_id, concept_id, name, locale, locale_preferred, creator, date_created, concept_name_type, voided, voided_by, date_voided, void_reason, uuid, date_changed, changed_by) VALUES (51, 18, 'Confirmed', 'en', 1, 1, '2014-09-18 14:18:05', 'FULLY_SPECIFIED', 0, null, null, null, '81c91417-3f10-11e4-adec-0800271c1b75', null, null);
INSERT INTO concept_name (concept_name_id, concept_id, name, locale, locale_preferred, creator, date_created, concept_name_type, voided, voided_by, date_voided, void_reason, uuid, date_changed, changed_by) VALUES (105, 48, 'Ruled Out Diagnosis', 'en', 0, 1, '2014-09-18 14:18:06', 'SHORT', 0, null, null, null, '823056d0-3f10-11e4-adec-0800271c1b75', null, null);
INSERT INTO concept_name (concept_name_id, concept_id, name, locale, locale_preferred, creator, date_created, concept_name_type, voided, voided_by, date_voided, void_reason, uuid, date_changed, changed_by) VALUES (106, 48, 'Ruled Out Diagnosis', 'en', 1, 1, '2014-09-18 14:18:06', 'FULLY_SPECIFIED', 0, null, null, null, '82305a28-3f10-11e4-adec-0800271c1b75', null, null);
INSERT INTO concept_name (concept_name_id, concept_id, name, locale, locale_preferred, creator, date_created, concept_name_type, voided, voided_by, date_voided, void_reason, uuid, date_changed, changed_by) VALUES (7, 1, 'True', 'en', 1, 1, '2014-09-18 14:17:15', 'FULLY_SPECIFIED', 0, null, null, null, '9f8ee888-f74d-4291-adaa-addc610c3b39', null, null);
INSERT INTO concept_name (concept_name_id, concept_id, name, locale, locale_preferred, creator, date_created, concept_name_type, voided, voided_by, date_voided, void_reason, uuid, date_changed, changed_by) VALUES (17, 2, 'False', 'en', 1, 1, '2014-09-18 14:17:15', 'FULLY_SPECIFIED', 0, null, null, null, '4f56b876-7073-4508-aaaf-9a25e2b756df', null, null);
INSERT INTO concept_name (concept_name_id, concept_id, name, locale, locale_preferred, creator, date_created, concept_name_type, voided, voided_by, date_voided, void_reason, uuid, date_changed, changed_by) VALUES (54, 20, 'Secondary', 'en', 0, 1, '2014-09-18 14:18:05', 'SHORT', 0, null, null, null, '81ca983f-3f10-11e4-adec-0800271c1b75', null, null);
INSERT INTO concept_name (concept_name_id, concept_id, name, locale, locale_preferred, creator, date_created, concept_name_type, voided, voided_by, date_voided, void_reason, uuid, date_changed, changed_by) VALUES (55, 20, 'Secondary', 'en', 1, 1, '2014-09-18 14:18:05', 'FULLY_SPECIFIED', 0, null, null, null, '81ca9b4c-3f10-11e4-adec-0800271c1b75', null, null);
INSERT INTO concept_name (concept_name_id, concept_id, name, locale, locale_preferred, creator, date_created, concept_name_type, voided, voided_by, date_voided, void_reason, uuid, date_changed, changed_by) VALUES (56, 21, 'Primary', 'en', 0, 1, '2014-09-18 14:18:05', 'SHORT', 0, null, null, null, '81cb025b-3f10-11e4-adec-0800271c1b75', null, null);
INSERT INTO concept_name (concept_name_id, concept_id, name, locale, locale_preferred, creator, date_created, concept_name_type, voided, voided_by, date_voided, void_reason, uuid, date_changed, changed_by) VALUES (57, 21, 'Primary', 'en', 1, 1, '2014-09-18 14:18:05', 'FULLY_SPECIFIED', 0, null, null, null, '81cb054c-3f10-11e4-adec-0800271c1b75', null, null);
INSERT INTO concept_name (concept_name_id, concept_id, name, locale, locale_preferred, creator, date_created, concept_name_type, voided, voided_by, date_voided, void_reason, uuid, date_changed, changed_by) VALUES (986, 644, 'Dyspareunia', 'en', 0, 1, '2014-10-07 16:57:24', 'FULLY_SPECIFIED', 0, null, null, null, 'e9299db3-4e14-11e4-8a57-0800271c1b75', null, null);
INSERT INTO concept_name (concept_name_id, concept_id, name, locale, locale_preferred, creator, date_created, concept_name_type, voided, voided_by, date_voided, void_reason, uuid, date_changed, changed_by) VALUES (1170, 828, 'Parkinson', 'en', 0, 1, '2014-10-07 16:57:37', 'FULLY_SPECIFIED', 0, null, null, null, 'f0d29977-4e14-11e4-8a57-0800271c1b75', null, null);
INSERT INTO concept_name (concept_name_id, concept_id, name, locale, locale_preferred, creator, date_created, concept_name_type, voided, voided_by, date_voided, void_reason, uuid, date_changed, changed_by) VALUES (860, 518, 'Bell''s palsy', 'en', 0, 1, '2014-10-07 16:57:14', 'FULLY_SPECIFIED', 0, null, null, null, 'e308c097-4e14-11e4-8a57-0800271c1b75', null, null);
INSERT INTO concept_name (concept_name_id, concept_id, name, locale, locale_preferred, creator, date_created, concept_name_type, voided, voided_by, date_voided, void_reason, uuid, date_changed, changed_by) VALUES (42, 14, 'Non-coded Diagnosis', 'en', 0, 1, '2014-09-18 14:18:05', 'SHORT', 0, null, null, null, '81c666f2-3f10-11e4-adec-0800271c1b75', null, null);
INSERT INTO concept_name (concept_name_id, concept_id, name, locale, locale_preferred, creator, date_created, concept_name_type, voided, voided_by, date_voided, void_reason, uuid, date_changed, changed_by) VALUES (43, 14, 'Non-coded Diagnosis', 'en', 1, 1, '2014-09-18 14:18:05', 'FULLY_SPECIFIED', 0, null, null, null, '81c66a02-3f10-11e4-adec-0800271c1b75', null, null);
INSERT INTO concept_name (concept_name_id, concept_id, name, locale, locale_preferred, creator, date_created, concept_name_type, voided, voided_by, date_voided, void_reason, uuid, date_changed, changed_by) VALUES (441, 151, 'Fee Information', 'en', 1, 1, '2014-09-18 14:18:05', 'FULLY_SPECIFIED', 0, null, null, null, '6ggh4fbv-3f10-11e4-adec-0800271c1b75', null, null);
INSERT INTO concept_name (concept_name_id, concept_id, name, locale, locale_preferred, creator, date_created, concept_name_type, voided, voided_by, date_voided, void_reason, uuid, date_changed, changed_by) VALUES (451, 161, 'Nutritional Temp', 'en', 1, 1, '2014-09-18 14:18:05', 'FULLY_SPECIFIED', 0, null, null, null, '3dr5h56-3f10-11e4-adec-0800271c1b75', null, null);
INSERT INTO concept_name (concept_name_id, concept_id, name, locale, locale_preferred, creator, date_created, concept_name_type, voided, voided_by, date_voided, void_reason, uuid, date_changed, changed_by) VALUES (461, 171, 'Nutritional', 'en', 1, 1, '2014-09-18 14:18:05', 'FULLY_SPECIFIED', 0, null, null, null, 'g5y64r-3f10-11e4-adec-0800271c1b75', null, null);
INSERT INTO concept_name (concept_name_id, concept_id, name, locale, locale_preferred, creator, date_created, concept_name_type, voided, voided_by, date_voided, void_reason, uuid, date_changed, changed_by) VALUES (471, 181, 'Registration Fee', 'en', 1, 1, '2014-09-18 14:18:05', 'FULLY_SPECIFIED', 0, null, null, null, 'g5y64r-3f10-11e4-adec-d6g4j1c1b75', null, null);
INSERT INTO concept_name (concept_name_id, concept_id, name, locale, locale_preferred, creator, date_created, concept_name_type, voided, voided_by, date_voided, void_reason, uuid, date_changed, changed_by) VALUES (481, 191, 'Height', 'en', 1, 1, '2014-09-18 14:18:05', 'FULLY_SPECIFIED', 0, null, null, null, 'g5y64r-3f10-11e4-adec-9hg5f1b75', null, null);
INSERT INTO concept_name (concept_name_id, concept_id, name, locale, locale_preferred, creator, date_created, concept_name_type, voided, voided_by, date_voided, void_reason, uuid, date_changed, changed_by) VALUES (491, 201, 'Weight', 'en', 1, 1, '2014-09-18 14:18:05', 'FULLY_SPECIFIED', 0, null, null, null, 'g5y64r-3f10-11e4-adec-8hj6f1c1b75', null, null);

INSERT INTO person_attribute_type (name, description, format, foreign_key, searchable, creator, date_created, changed_by, date_changed, retired, retired_by, date_retired, retire_reason, edit_privilege, sort_weight, uuid) VALUES ('givenNameLocal', 'Name in Arabic', 'java.lang.String', null, 0, 1, '2016-03-07 17:40:34', 8, '2016-09-06 06:54:40', 0, null, null, null, null, 3, '7e6db4ea-e42f-11e5-8c3e-08002715d519');
INSERT INTO person_attribute_type (name, description, format, foreign_key, searchable, creator, date_created, changed_by, date_changed, retired, retired_by, date_retired, retire_reason, edit_privilege, sort_weight, uuid) VALUES ('familyNameLocal', 'Family Name in Arabic', 'java.lang.String', null, 0, 1, '2016-03-07 17:40:34', 8, '2016-09-06 06:54:56', 0, null, null, null, null, 3, '7e6f78a4-e42f-11e5-8c3e-08002715d519');
INSERT INTO person_attribute_type (name, description, format, foreign_key, searchable, creator, date_created, changed_by, date_changed, retired, retired_by, date_retired, retire_reason, edit_privilege, sort_weight, uuid) VALUES ('middleNameLocal', 'Middle Name in Arabic', 'java.lang.String', null, 0, 1, '2016-03-07 17:40:34', 1, '2016-07-27 14:37:30', 0, null, null, null, null, 3, '7e709f5b-e42f-11e5-8c3e-08002715d519');
INSERT INTO person_attribute_type (name, description, format, foreign_key, searchable, creator, date_created, changed_by, date_changed, retired, retired_by, date_retired, retire_reason, edit_privilege, sort_weight, uuid) VALUES ('viber', 'Viber', 'java.lang.String', null, 0, 1, '2016-07-18 18:09:41', 8, '2016-08-22 06:36:27', 0, null, null, null, null, 15, '5fa07944-a01b-4b0a-9685-dd872f5b7264');
INSERT INTO person_attribute_type (name, description, format, foreign_key, searchable, creator, date_created, changed_by, date_changed, retired, retired_by, date_retired, retire_reason, edit_privilege, sort_weight, uuid) VALUES ('phoneNumber2', 'Phone Number 2', 'java.lang.String', null, 0, 1, '2016-07-18 18:08:21', 8, '2016-08-22 07:39:24', 0, null, null, null, null, 11, 'e7e02f6a-dd82-4dcf-a377-b7740cf87daa');

INSERT INTO patient (patient_id, creator, date_created, changed_by, date_changed, voided, voided_by, date_voided, void_reason, allergy_status) VALUES (125, 22, '2016-11-09 15:49:46', NULL, NULL, 0, NULL, NULL, NULL, 'Unknown');
INSERT INTO patient (patient_id, creator, date_created, changed_by, date_changed, voided, voided_by, date_voided, void_reason, allergy_status) VALUES (124, 22, '2016-11-09 15:01:25', 22, '2017-04-03 10:17:34', 0, NULL, NULL, NULL, 'Test');
INSERT INTO patient (patient_id, creator, date_created, changed_by, date_changed, voided, voided_by, date_voided, void_reason, allergy_status) VALUES (126, 17, '2016-11-09 16:39:04', 22, '2017-03-05 10:40:36', 0, NULL, NULL, NULL, 'Unknown');
INSERT INTO patient (patient_id, creator, date_created, changed_by, date_changed, voided, voided_by, date_voided, void_reason) VALUES (127, 17, '2016-11-09 17:07:05', NULL, NULL, 0, NULL, NULL, NULL);
INSERT INTO patient (patient_id, creator, date_created, changed_by, date_changed, voided, voided_by, date_voided, void_reason, allergy_status) VALUES (128, 17, '2016-11-09 17:48:23', 21, '2016-11-14 11:05:32', 0, NULL, NULL, NULL, 'Unknown');
INSERT INTO patient (patient_id, creator, date_created, changed_by, date_changed, voided, voided_by, date_voided, void_reason, allergy_status) VALUES (129, 22, '2016-11-10 09:28:18', NULL, NULL, 0, NULL, NULL, NULL, 'Test 1');
INSERT INTO patient (patient_id, creator, date_created, changed_by, date_changed, voided, voided_by, date_voided, void_reason, allergy_status) VALUES (130, 22, '2016-11-10 10:28:40', NULL, NULL, 0, NULL, NULL, NULL, 'Unknown');
INSERT INTO patient (patient_id, creator, date_created, changed_by, date_changed, voided, voided_by, date_voided, void_reason, allergy_status) VALUES (131, 13, '2016-11-10 14:37:34', NULL, NULL, 0, NULL, NULL, NULL, 'Unknown');
INSERT INTO patient (patient_id, creator, date_created, changed_by, date_changed, voided, voided_by, date_voided, void_reason) VALUES (132, 13, '2016-11-10 15:32:32', NULL, NULL, 0, NULL, NULL, NULL);
INSERT INTO patient (patient_id, creator, date_created, changed_by, date_changed, voided, voided_by, date_voided, void_reason, allergy_status) VALUES (133, 22, '2016-11-10 15:46:22', 132, '2017-09-13 13:07:22', 0, NULL, NULL, NULL, 'Unknown');

-- Start of test data for BatchConfigurationIT.shouldCreateOrderLabSamplesTableByIgnoringVisitId()

--lab test
INSERT INTO concept_class (concept_class_id, name, description, creator, date_created, retired, retired_by, date_retired, retire_reason, uuid, date_changed, changed_by) VALUES (26, 'LabTest', 'Lab Tests', 1, '2004-03-02 00:00:00', 0, null, null, null, '33a6291c-8a92-11e4-977f-0800271c1b75', null, null);

--All orderables
INSERT INTO concept (concept_id, retired, short_name, description, form_text, datatype_id, class_id, is_set, creator, date_created, version, changed_by, date_changed, retired_by, date_retired, retire_reason, uuid) VALUES (1858, 0, null, null, null, 2, 10, 1, 8, '2015-05-19 11:18:40', null, 8, '2018-04-12 09:05:35', null, null, null, 'b3dac224-fdea-11e4-b248-005056820298');

--Lab samples
INSERT INTO concept (concept_id, retired, short_name, description, form_text, datatype_id, class_id, is_set, creator, date_created, version, changed_by, date_changed, retired_by, date_retired, retire_reason, uuid) VALUES (3, 0, null, null, null, 2, 11, 1, 8, '2015-05-19 11:18:40', null, 8, '2018-04-12 09:05:35', null, null, null, '8160a011-3f10-11e4-adec-0800271c1b75');
--Hematology
INSERT INTO concept (concept_id, retired, short_name, description, form_text, datatype_id, class_id, is_set, creator, date_created, version, changed_by, date_changed, retired_by, date_retired, retire_reason, uuid) VALUES (7098, 0, null, null, null, 2, 10, 1, 8, '2015-05-19 11:18:40', null, 8, '2018-04-12 09:05:35', null, null, null, 'ffec07b9-3873-44fe-a532-30aad69eb32c');
--FBC
INSERT INTO concept (concept_id, retired, short_name, description, form_text, datatype_id, class_id, is_set, creator, date_created, version, changed_by, date_changed, retired_by, date_retired, retire_reason, uuid) VALUES (7092, 0, null, null, null, 2, 8, 1, 8, '2015-05-19 11:18:40', null, 8, '2018-04-12 09:05:35', null, null, null, '48a51134-6cd3-4fb1-99b0-839a9c40bb4f');
--wbc
INSERT INTO concept (concept_id, retired, short_name, description, form_text, datatype_id, class_id, is_set, creator, date_created, version, changed_by, date_changed, retired_by, date_retired, retire_reason, uuid) VALUES (7004, 0, null, null, null, 2, 26, 0, 8, '2015-05-19 11:18:40', null, 8, '2018-04-12 09:05:35', null, null, null, 'cd092057-d3c7-4f14-bd5e-1ce4373e0299');
--rbc
INSERT INTO concept (concept_id, retired, short_name, description, form_text, datatype_id, class_id, is_set, creator, date_created, version, changed_by, date_changed, retired_by, date_retired, retire_reason, uuid) VALUES (7005, 0, null, null, null, 2, 26, 0, 8, '2015-05-19 11:18:40', null, 8, '2018-04-12 09:05:35', null, null, null, 'fcca165b-a40d-49f6-895e-f16d76026f4e');
--INR
INSERT INTO concept (concept_id, retired, short_name, description, form_text, datatype_id, class_id, is_set, creator, date_created, version, changed_by, date_changed, retired_by, date_retired, retire_reason, uuid) VALUES (7019, 0, null, null, null, 2, 26, 0, 8, '2015-05-19 11:18:40', null, 8, '2018-04-12 09:05:35', null, null, null, '75377d9b-1bad-4055-abb9-b6c1a34bf1b9');


INSERT INTO concept_set (concept_set_id, concept_id, concept_set, sort_weight, creator, date_created, uuid) VALUES (11992, 7092, 7098, 0, 1, '2016-03-07 12:10:38', '87d305e9-e42f-11e5-8c3e-08002715d519');
INSERT INTO concept_set (concept_set_id, concept_id, concept_set, sort_weight, creator, date_created, uuid) VALUES (11994, 7019, 7098, 1, 1, '2016-03-07 12:10:38', 'b2735fca-98dd-4277-9610-4e5ea1285ac8');
INSERT INTO concept_set (concept_set_id, concept_id, concept_set, sort_weight, creator, date_created, uuid) VALUES (11995, 7004, 7092, 2, 1, '2016-03-07 12:10:38', '13d8a1ad-bae0-4f1f-9818-606f7c9c555e');
INSERT INTO concept_set (concept_set_id, concept_id, concept_set, sort_weight, creator, date_created, uuid) VALUES (11996, 7005, 7092, 3, 1, '2016-03-07 12:10:38', '2ab7981d-0df6-4e5b-ae59-95ae36a6261c');
INSERT INTO concept_set (concept_set_id, concept_id, concept_set, sort_weight, creator, date_created, uuid) VALUES (11997, 7098, 3, 4, 1, '2016-03-07 12:10:38', '2ab7981d-0df6-4e5b-a5e9-95ae36a6261c');
INSERT INTO concept_set (concept_set_id, concept_id, concept_set, sort_weight, creator, date_created, uuid) VALUES (11998, 3, 1858, 5, 1, '2016-03-07 12:10:38', '2ab7981d-0df6-4eb5-a5e9-95ae36a6261c');


INSERT INTO concept_name (concept_name_id, concept_id, name, locale, locale_preferred, creator, date_created, concept_name_type, voided, voided_by, date_voided, void_reason, uuid, date_changed, changed_by) VALUES (10205, 7098, 'Hematology', 'en', 1, 8, '2018-02-12 14:30:50', 'FULLY_SPECIFIED', 0, null, null, null, 'ed7798fe-d7fe-4b26-8db1-1820ed92b8fe', '2018-02-12 14:30:50', 8);
INSERT INTO concept_name (concept_name_id, concept_id, name, locale, locale_preferred, creator, date_created, concept_name_type, voided, voided_by, date_voided, void_reason, uuid, date_changed, changed_by) VALUES (10143, 7092, 'FBC (Full Blood Count)', 'en', 1, 8, '2018-02-12 07:55:20', 'FULLY_SPECIFIED', 0, null, null, null, '1341270f-08df-4469-ab9d-c1810c2b9180', null, null);
INSERT INTO concept_name (concept_name_id, concept_id, name, locale, locale_preferred, creator, date_created, concept_name_type, voided, voided_by, date_voided, void_reason, uuid, date_changed, changed_by) VALUES (10144, 7004, 'WBC (FBC)', 'en', 1, 8, '2018-02-12 07:47:54', 'FULLY_SPECIFIED', 0, null, null, null, 'ffcd2095-0e5c-4772-9d1e-a8be15eab4a1', null, null);
INSERT INTO concept_name (concept_name_id, concept_id, name, locale, locale_preferred, creator, date_created, concept_name_type, voided, voided_by, date_voided, void_reason, uuid, date_changed, changed_by) VALUES (10155, 7005, 'RBC (FBC)', 'en', 1, 8, '2018-02-12 07:47:54', 'FULLY_SPECIFIED', 0, null, null, null, 'c2e22850-28f3-450d-a378-606ae94af79b', null, null);
INSERT INTO concept_name (concept_name_id, concept_id, name, locale, locale_preferred, creator, date_created, concept_name_type, voided, voided_by, date_voided, void_reason, uuid, date_changed, changed_by) VALUES (10166, 7019, 'INR (HCS)', 'en', 1, 8, '2018-02-12 07:47:55', 'FULLY_SPECIFIED', 0, null, null, null, '74a7d907-c6a1-43e8-a937-6d0acd8c806e', null, null);
INSERT INTO concept_name (concept_name_id, concept_id, name, locale, locale_preferred, creator, date_created, concept_name_type, voided, voided_by, date_voided, void_reason, uuid, date_changed, changed_by) VALUES (10167, 1858, 'All Orderables', 'en', 1, 8, '2018-02-12 07:47:55', 'FULLY_SPECIFIED', 0, null, null, null, '74a7d907-c6a1-43e8-a937-6d0acd8abc6e', null, null);
INSERT INTO concept_name (concept_name_id, concept_id, name, locale, locale_preferred, creator, date_created, concept_name_type, voided, voided_by, date_voided, void_reason, uuid, date_changed, changed_by) VALUES (10168, 3, 'Lab Samples', 'en', 1, 8, '2018-02-12 07:47:55', 'FULLY_SPECIFIED', 0, null, null, null, '74a7d907-ca61-4ae8-a937-6idacd8c806e', null, null);

--order type
INSERT INTO order_type (order_type_id, name, description, creator, date_created, retired, retired_by, date_retired, retire_reason, uuid, java_class_name, parent, changed_by, date_changed) VALUES (1, 'Lab Order', 'An order for laboratory tests', 8, '2014-09-18 14:18:05', 0, null, null, null, '8189b409-3f10-11e4-adec-0800271c1b75', 'org.openmrs.Order', null, null, null);

--order type class map
INSERT INTO  order_type_class_map (order_type_id, concept_class_id) VALUES (1, 8);
INSERT INTO  order_type_class_map (order_type_id, concept_class_id) VALUES (1, 26);

INSERT INTO encounter (encounter_id, encounter_type, patient_id, location_id, form_id, encounter_datetime, creator, date_created, voided, voided_by, date_voided, void_reason, changed_by, date_changed, visit_id, uuid) VALUES (100, 1, 125, 9, null, '2016-11-14 15:41:54', 13, '2016-11-14 15:41:54', 0, null, null, null, null, null, 39, '80a486e7-0a15-46fc-9b2a-7b7be26d281f');

--visit type
INSERT INTO visit_type (visit_type_id, name, description, creator, date_created, changed_by, date_changed, retired, retired_by, date_retired, retire_reason, uuid) VALUES (4, 'Clinic', 'Visit for patients coming for OPD', 8, '2014-09-18 14:19:53', 8, '2017-07-09 20:40:06', 0, null, null, null, 'c22a5000-3f10-11e4-adec-0800271c1b75');

--visit
INSERT INTO visit (visit_id, patient_id, visit_type_id, date_started, date_stopped, indication_concept_id, location_id, creator, date_created, changed_by, date_changed, voided, voided_by, date_voided, void_reason, uuid) VALUES (1, 125, 4, '2018-02-12 17:22:16', '2018-02-12 17:23:56', null, 15, 8, '2018-02-12 17:22:16', 8, '2018-02-13 05:23:59', 0, null, NULL, null, '24fb9597-c300-4c40-b41e-7c07c5e1ef23');

--orders
INSERT INTO orders (order_id, order_type_id, concept_id, orderer, encounter_id, instructions, date_activated, auto_expire_date, date_stopped, order_reason, order_reason_non_coded, creator, date_created, voided, voided_by, date_voided, void_reason, patient_id, accession_number, uuid, urgency, order_number, previous_order_id, order_action, comment_to_fulfiller, care_setting, scheduled_date, order_group_id, sort_weight) values (1, 1, 7092, 8, 100, null, '2018-04-11 06:54:41', '2018-04-11 07:54:41', null, null, null, 8, '2018-04-11 06:54:41', 0, null, null, null, 125, null, '01fa3dae-d5ce-4c82-925b-e31b40afe4e1', 'ROUTINE', 'ORD-784', null, 'NEW', null, 1, null, null, null);
INSERT INTO orders (order_id, order_type_id, concept_id, orderer, encounter_id, instructions, date_activated, auto_expire_date, date_stopped, order_reason, order_reason_non_coded, creator, date_created, voided, voided_by, date_voided, void_reason, patient_id, accession_number, uuid, urgency, order_number, previous_order_id, order_action, comment_to_fulfiller, care_setting, scheduled_date, order_group_id, sort_weight) values (2, 1, 7019, 8, 100, null, '2018-04-11 06:54:41', '2018-04-11 07:54:41', null, null, null, 8, '2018-04-11 06:54:41', 0, null, null, null, 125, null, 'b35e7090-af5d-481f-9ae4-c89dfbbfee3c', 'ROUTINE', 'ORD-785', null, 'NEW', null, 1, null, null, null);

-- End of test data for BatchConfigurationIT.shouldCreateOrderLabSamplesTableByIgnoringVisitId()

INSERT INTO encounter (encounter_id, encounter_type, patient_id, location_id, form_id, encounter_datetime, creator, date_created, voided, voided_by, date_voided, void_reason, changed_by, date_changed, visit_id, uuid) VALUES (43206, 1, 2067, 10, null, '2018-03-20 19:37:52', 8, '2018-03-20 19:37:52', 0, null, null, null, null, null, 4669, 'cf8f5766-c880-4af5-a94b-0d109ba33585');

INSERT INTO obs (obs_id, person_id, concept_id, encounter_id, order_id, obs_datetime, location_id, obs_group_id, accession_number, value_group_id, value_coded, value_coded_name_id, value_drug, value_datetime, value_numeric, value_modifier, value_text, value_complex, comments, creator, date_created, voided, voided_by, date_voided, void_reason, uuid, previous_version, form_namespace_and_path, status, interpretation) VALUES (82478, 1840, 151, 43206, null, '2018-01-08 00:00:00', 31, null , null, null, null, null, null, null, null, null, null, null, null, 1, '2018-01-14 12:21:38', 0, null, null, null, '76a47e91-9d60-4553-adfa-422715c781a7', null, null, 'FINAL', null);
INSERT INTO obs (obs_id, person_id, concept_id, encounter_id, order_id, obs_datetime, location_id, obs_group_id, accession_number, value_group_id, value_coded, value_coded_name_id, value_drug, value_datetime, value_numeric, value_modifier, value_text, value_complex, comments, creator, date_created, voided, voided_by, date_voided, void_reason, uuid, previous_version, form_namespace_and_path, status, interpretation) VALUES (82479, 1840, 181, 43206, null, '2018-01-08 00:00:00', 31, 82478, null, null, null, null, null, null, null, null, '10', null, null, 1, '2018-01-14 12:21:38', 0, null, null, null, '76a47e91-9d60-4553-adfa-422715c781a7', null, null, 'FINAL', null);
INSERT INTO obs (obs_id, person_id, concept_id, encounter_id, order_id, obs_datetime, location_id, obs_group_id, accession_number, value_group_id, value_coded, value_coded_name_id, value_drug, value_datetime, value_numeric, value_modifier, value_text, value_complex, comments, creator, date_created, voided, voided_by, date_voided, void_reason, uuid, previous_version, form_namespace_and_path, status, interpretation) VALUES (82480, 1840, 161, 43206, null, '2018-01-08 00:00:00', 31, null, null, null, null, null, null, null, null, null, null, null, null, 1, '2018-01-14 12:21:38', 0, null, null, null, '76a47e91-9d60-4553-adfa-422715c781a7', null, null, 'FINAL', null);
INSERT INTO obs (obs_id, person_id, concept_id, encounter_id, order_id, obs_datetime, location_id, obs_group_id, accession_number, value_group_id, value_coded, value_coded_name_id, value_drug, value_datetime, value_numeric, value_modifier, value_text, value_complex, comments, creator, date_created, voided, voided_by, date_voided, void_reason, uuid, previous_version, form_namespace_and_path, status, interpretation) VALUES (82481, 1840, 191, 43206, null, '2018-01-08 00:00:00', 31, 82480, null, null, null, null, null, null, null, null, '58', null, null, 1, '2018-01-14 12:21:38', 0, null, null, null, '76a47e91-9d60-4553-adfa-422715c781a7', null, null, 'FINAL', null);
INSERT INTO obs (obs_id, person_id, concept_id, encounter_id, order_id, obs_datetime, location_id, obs_group_id, accession_number, value_group_id, value_coded, value_coded_name_id, value_drug, value_datetime, value_numeric, value_modifier, value_text, value_complex, comments, creator, date_created, voided, voided_by, date_voided, void_reason, uuid, previous_version, form_namespace_and_path, status, interpretation) VALUES (82482, 1840, 171, 43206, null, '2018-01-08 00:00:00', 31, null, null, null, null, null, null, null, null, null, null, null, null, 1, '2018-01-14 12:21:38', 0, null, null, null, '76a47e91-9d60-4553-adfa-422715c781a7', null, null, 'FINAL', null);
INSERT INTO obs (obs_id, person_id, concept_id, encounter_id, order_id, obs_datetime, location_id, obs_group_id, accession_number, value_group_id, value_coded, value_coded_name_id, value_drug, value_datetime, value_numeric, value_modifier, value_text, value_complex, comments, creator, date_created, voided, voided_by, date_voided, void_reason, uuid, previous_version, form_namespace_and_path, status, interpretation) VALUES (82483, 1840, 201, 43206, null, '2018-01-08 00:00:00', 31, 82482, null, null, null, null, null, null, null, null, '85', null, null, 1, '2018-01-14 12:21:38', 0, null, null, null, '76a47e91-9d60-4553-adfa-422715c781a7', null, null, 'FINAL', null);

# Data for First Stage Validation form

INSERT INTO concept (concept_id, retired, short_name, description, form_text, datatype_id, class_id, is_set, creator, date_created, version, changed_by, date_changed, retired_by, date_retired, retire_reason, uuid) VALUES (236, 0, null, null, null, 3, 7, 0, 1, '2014-09-18 14:18:05', null, 1, '2014-09-18 14:18:05', null, null, null, '81c66271-34f-fg4e-4tt5-9879hkj4');
INSERT INTO concept (concept_id, retired, short_name, description, form_text, datatype_id, class_id, is_set, creator, date_created, version, changed_by, date_changed, retired_by, date_retired, retire_reason, uuid) VALUES (623, 0, null, null, null, 3, 7, 0, 1, '2014-09-18 14:18:05', null, 1, '2014-09-18 14:18:05', null, null, null, '81c66271-34f-fg4e-4tt5-9879hkj5');

INSERT INTO encounter (encounter_id, encounter_type, patient_id, location_id, form_id, encounter_datetime, creator, date_created, voided, voided_by, date_voided, void_reason, changed_by, date_changed, visit_id, uuid) VALUES (22, 1, 124, 8, null, '2015-01-22 00:00:00', 22, '2016-11-09 15:40:12', 0, null, null, null, null, null, 1, '5702715d-2461-4f4d-bd2f-39c674922778');

INSERT INTO obs (obs_id, person_id, concept_id, encounter_id, order_id, obs_datetime, location_id, obs_group_id, accession_number, value_group_id, value_coded, value_coded_name_id, value_drug, value_datetime, value_numeric, value_modifier, value_text, value_complex, comments, creator, date_created, voided, voided_by, date_voided, void_reason, uuid, previous_version, form_namespace_and_path, status, interpretation) VALUES (26,124, 397, 22, null, '2015-01-22 00:00:00', 8, null, null, null, null, null, null, null, null, null, null, null, null, 22, '2016-11-09 15:40:12', 0, null, null, null, '303dd316-120f-4594-9b6c-4c46e66dfe26', null, null, 'FINAL', null);
INSERT INTO obs (obs_id, person_id, concept_id, encounter_id, order_id, obs_datetime, location_id, obs_group_id, accession_number, value_group_id, value_coded, value_coded_name_id, value_drug, value_datetime, value_numeric, value_modifier, value_text, value_complex, comments, creator, date_created, voided, voided_by, date_voided, void_reason, uuid, previous_version, form_namespace_and_path, status, interpretation) VALUES (27,124, 399, 22, null, '2015-01-22 00:00:00', 8, 26, null, null, null, null, null, null, null, null, null, null, null, 22, '2016-11-09 15:40:12', 0, null, null, null, 'e5c47cfc-c629-46f9-a0f0-92e6f159d22b', null, null, 'FINAL', null);
INSERT INTO obs (obs_id, person_id, concept_id, encounter_id, order_id, obs_datetime, location_id, obs_group_id, accession_number, value_group_id, value_coded, value_coded_name_id, value_drug, value_datetime, value_numeric, value_modifier, value_text, value_complex, comments, creator, date_created, voided, voided_by, date_voided, void_reason, uuid, previous_version, form_namespace_and_path, status, interpretation) VALUES (28,124, 251, 22, null, '2015-01-22 00:00:00', 8, 27, null, null, 349, null, null, null, null, null, null, null, null, 22, '2016-11-09 15:40:12', 0, null, null, null, '5f391d5d-d31a-485e-b90e-81163fdfb820', null, null, 'FINAL', null);

INSERT INTO episode_encounter (episode_id, encounter_id) VALUES (1, 22);
INSERT INTO episode_patient_program (episode_id, patient_program_id) VALUES (1, 1);
INSERT INTO patient_program (patient_program_id,patient_id, program_id, date_enrolled, date_completed, location_id, outcome_concept_id, creator, date_created, changed_by, date_changed, voided, voided_by, date_voided, void_reason, uuid) VALUES (1, 124, 1, '2015-01-22 00:00:00', null, null, null, 22, '2016-11-09 15:28:30', null, null, 0, null, null, null, 'd0ec40b7-8348-40ed-8284-fd58686c27ef');
INSERT INTO program (program_id, concept_id, outcomes_concept_id, creator, date_created, changed_by, date_changed, retired, name, description, uuid) VALUES (1, 236, 623, 8, '2016-08-11 12:28:52', 8, '2016-10-03 05:39:49', 0, 'Program Name', 'Program for Patient', '029262f3-b618-4c1e-80c2-d4ecadd38fb2');

-- Start of test data for bacteriology job

-- Adding two obs for multi-select concept 'Specimen Sample Source' (in defaultApp.json)
INSERT INTO obs (obs_id, person_id, concept_id, encounter_id, order_id, obs_datetime, location_id, obs_group_id,
accession_number, value_group_id, value_coded, value_coded_name_id, value_drug, value_datetime, value_numeric,
value_modifier, value_text, value_complex, comments, creator, date_created, voided, voided_by, date_voided, void_reason,
uuid, previous_version, form_namespace_and_path, status, interpretation)
VALUES (2820,124, 134, 22, null, '2015-01-22 00:00:00', 8, null,
null, null, null, null, null, null, null,
null, null, null, null, 22, '2016-11-09 15:40:12', 0, null, null, null,
'5f391d5d-d31a-485e-b90e-811aiddfb820', null, null, 'FINAL', null);

INSERT INTO obs (obs_id, person_id, concept_id, encounter_id, order_id, obs_datetime, location_id, obs_group_id,
accession_number, value_group_id, value_coded, value_coded_name_id, value_drug, value_datetime, value_numeric,
value_modifier, value_text, value_complex, comments, creator, date_created,
voided, voided_by, date_voided, void_reason, uuid, previous_version, form_namespace_and_path, status, interpretation)
VALUES (2821,124, 136, 22, null, '2015-01-22 00:00:00', 8, 2820,
null, null, null, null, null, null, 1,
null, null, null, null, 22, '2016-11-09 15:40:12',
0, null, null, null, '5f391d5d-d31a-485e-b90e-811aiddfb820', null, null, 'FINAL', null);

INSERT INTO obs (obs_id, person_id, concept_id, encounter_id, order_id, obs_datetime, location_id, obs_group_id,
accession_number, value_group_id, value_coded, value_coded_name_id, value_drug, value_datetime, value_numeric, value_modifier, value_text, value_complex, comments, creator, date_created,
voided, voided_by, date_voided, void_reason, uuid, previous_version, form_namespace_and_path, status, interpretation)
VALUES (2822,124, 136, 22, null, '2015-01-22 00:00:00', 8, 2820,
null, null, null, null, null, null, 2,
null, null, null, null, 22, '2016-11-09 15:40:12',
0, null, null, null, '5f391d5d-d31a-485e-b90e-811aiddfb820', null, null, 'FINAL', null);

--End of test data for bacteriology job

